createdAt,updatedAt,Project Title,resources,active,completed,startDate,dueDate,client,status,state,service,specificService,focusArea,clientType,url,region_id,region_createdAt,region_updatedAt,country_temp,latitude,longitude,Country,Continent
"February 23, 2018 at 17:47 PM","March 10, 2022 at 13:35 PM",I4DI Products & Services,,FALSE,TRUE,23-Feb-18,31-Dec-19,Institute for Development Impact,In progress,Active,Other,Other,Other,Other Government,https://i4di.org/projects,,,,,,,,
"December 05, 2018 at 19:28 PM","October 23, 2022 at 21:13 PM",DOL Performance Evaluations of Technical Assistance Project,,FALSE,TRUE,28-Sep-18,27-Sep-19,"The QED Group LLC (financed by the U.S. Dep't of Labor, Bureau of Int'l Labor Affairs)",Completed,Active,Other,Protection of Vulnerable Populations|Trade,Other,U.S. Government ,https://i4di.org/publications-view/sub-description-dol-caring-gold-mining-project-convening-stakeholders-to-develop-and-implement-strategies-to-reduce-child-labor-and-improve-working-conditions-in-artisanal-and-small-scale-gold-mini/,484,"June 15, 2022 at 18:12 PM","June 15, 2022 at 18:12 PM",Myanmar (Burma),21.916221,95.955974,Myanmar,Asia
"December 05, 2018 at 19:28 PM","October 23, 2022 at 21:13 PM",DOL Performance Evaluations of Technical Assistance Project,,FALSE,TRUE,28-Sep-18,27-Sep-19,"The QED Group LLC (financed by the U.S. Dep't of Labor, Bureau of Int'l Labor Affairs)",Completed,Active,Other,Protection of Vulnerable Populations|Trade,Other,U.S. Government ,https://i4di.org/publications-view/sub-description-dol-caring-gold-mining-project-convening-stakeholders-to-develop-and-implement-strategies-to-reduce-child-labor-and-improve-working-conditions-in-artisanal-and-small-scale-gold-mini/,485,"June 15, 2022 at 18:12 PM","June 15, 2022 at 18:12 PM",Uzbekistan,41.377491,64.585262,Uzbekistan,Asia
"December 05, 2018 at 19:28 PM","October 23, 2022 at 21:13 PM",DOL Performance Evaluations of Technical Assistance Project,,FALSE,TRUE,28-Sep-18,27-Sep-19,"The QED Group LLC (financed by the U.S. Dep't of Labor, Bureau of Int'l Labor Affairs)",Completed,Active,Other,Protection of Vulnerable Populations|Trade,Other,U.S. Government ,https://i4di.org/publications-view/sub-description-dol-caring-gold-mining-project-convening-stakeholders-to-develop-and-implement-strategies-to-reduce-child-labor-and-improve-working-conditions-in-artisanal-and-small-scale-gold-mini/,486,"June 15, 2022 at 18:12 PM","June 15, 2022 at 18:12 PM",Ghana,7.946527,-1.023194,Ghana,Africa
"December 05, 2018 at 19:28 PM","October 23, 2022 at 21:13 PM",DOL Performance Evaluations of Technical Assistance Project,,FALSE,TRUE,28-Sep-18,27-Sep-19,"The QED Group LLC (financed by the U.S. Dep't of Labor, Bureau of Int'l Labor Affairs)",Completed,Active,Other,Protection of Vulnerable Populations|Trade,Other,U.S. Government ,https://i4di.org/publications-view/sub-description-dol-caring-gold-mining-project-convening-stakeholders-to-develop-and-implement-strategies-to-reduce-child-labor-and-improve-working-conditions-in-artisanal-and-small-scale-gold-mini/,487,"June 15, 2022 at 18:12 PM","June 15, 2022 at 18:12 PM",Philippines,12.879721,121.774017,Philippines,Asia
"December 05, 2018 at 19:28 PM","October 23, 2022 at 21:13 PM",DOL Performance Evaluations of Technical Assistance Project,,FALSE,TRUE,28-Sep-18,27-Sep-19,"The QED Group LLC (financed by the U.S. Dep't of Labor, Bureau of Int'l Labor Affairs)",Completed,Active,Other,Protection of Vulnerable Populations|Trade,Other,U.S. Government ,https://i4di.org/publications-view/sub-description-dol-caring-gold-mining-project-convening-stakeholders-to-develop-and-implement-strategies-to-reduce-child-labor-and-improve-working-conditions-in-artisanal-and-small-scale-gold-mini/,488,"June 15, 2022 at 18:12 PM","June 15, 2022 at 18:12 PM",Liberia,6.428055,-9.429499,Liberia,Africa
"December 05, 2018 at 19:28 PM","October 23, 2022 at 21:13 PM",DOL Performance Evaluations of Technical Assistance Project,,FALSE,TRUE,28-Sep-18,27-Sep-19,"The QED Group LLC (financed by the U.S. Dep't of Labor, Bureau of Int'l Labor Affairs)",Completed,Active,Other,Protection of Vulnerable Populations|Trade,Other,U.S. Government ,https://i4di.org/publications-view/sub-description-dol-caring-gold-mining-project-convening-stakeholders-to-develop-and-implement-strategies-to-reduce-child-labor-and-improve-working-conditions-in-artisanal-and-small-scale-gold-mini/,489,"June 15, 2022 at 18:12 PM","June 15, 2022 at 18:12 PM",Jamaica,18.109581,-77.297508,Jamaica,North America
"December 05, 2018 at 19:28 PM","October 23, 2022 at 21:13 PM",DOL Performance Evaluations of Technical Assistance Project,,FALSE,TRUE,28-Sep-18,27-Sep-19,"The QED Group LLC (financed by the U.S. Dep't of Labor, Bureau of Int'l Labor Affairs)",Completed,Active,Other,Protection of Vulnerable Populations|Trade,Other,U.S. Government ,https://i4di.org/publications-view/sub-description-dol-caring-gold-mining-project-convening-stakeholders-to-develop-and-implement-strategies-to-reduce-child-labor-and-improve-working-conditions-in-artisanal-and-small-scale-gold-mini/,490,"June 15, 2022 at 18:12 PM","June 15, 2022 at 18:12 PM",Burkina Faso,12.238333,-1.561593,Burkina Faso,Africa
"December 05, 2018 at 21:32 PM","June 15, 2022 at 17:46 PM",Interactive web-development tools,https://i4di.org/data-visualization/,TRUE,FALSE,3-Dec-18,28-Feb-19,I4DI,In progress,Active,Advanced Data Analytics,ICT,Digital Tech for Social Good,I4DI funded,https://i4di.org/projects,470,"June 15, 2022 at 17:46 PM","June 15, 2022 at 17:46 PM",United States,37.09024,-95.712891,United States,North America
"January 09, 2019 at 23:04 PM","October 23, 2022 at 21:17 PM",Country Programme Evaluation for Serbia (2016 - 2020),https://i4di.org/publications-view/country-programme-evaluation-2016-2020-unicef-serbia/,FALSE,TRUE,26-Dec-18,30-Oct-19,UNICEF Serbia,Completed,Active,Evaluation & Research,Protection of Vulnerable Populations,Development Effectiveness,Multilateral Organization,https://i4di.org/publications-view/country-programme-evaluation-2016-2020-unicef-serbia/,460,"March 17, 2022 at 12:36 PM","March 17, 2022 at 12:36 PM",Serbia,44.016521,21.005859,Serbia,Europe
"January 17, 2019 at 22:28 PM","October 23, 2022 at 21:14 PM",Endline Data Collection and Impact Analysis of Business Environment Reforms at the Sub-national Level in Bosnia and Herzegovina,https://i4di.org/publications-view/impact-analysis-on-business-environment-reforms-international-finance-corporation/,FALSE,TRUE,17-Jan-19,29-Mar-19,"International Finance Corporation, World Bank Group",Completed,Closed,Evaluation & Research,Finance,Development Effectiveness,Multilateral Organization,https://i4di.org/projects,443,"March 14, 2022 at 15:35 PM","March 16, 2022 at 15:58 PM",Bosnia and Herzegovina,43.915886,17.679076,Bosnia and Herzegovina,Europe
"August 05, 2019 at 17:42 PM","July 19, 2023 at 21:54 PM",Performance Evaluation of Women + Water Alliance Program,https://i4di.org/publications-view/ww-global-development-alliance-gap-inc-usaid/,FALSE,TRUE,1-Aug-17,31-Dec-22,"USAID/GAP Inc.: USAID/E3/Water Office (donor), The Gap, Inc. (donor)",In progress,Active,Advanced Data Analytics|Evaluation & Research|Systems and Program Design,ICT|WASH,Corporate Sustainability|Development Effectiveness|Organizational Learning,Private Sector,https://i4di.org/publications-view/ww-global-development-alliance-gap-inc-usaid/,448,"March 17, 2022 at 09:59 AM","October 03, 2022 at 20:07 PM",India,20.593684,78.96288,India,Asia
"August 05, 2019 at 18:07 PM","March 08, 2022 at 13:41 PM",Small Business Development Analysis,,TRUE,FALSE,5-Jun-17,15-Jun-22,The Department of Small and Local Business Development (DSLBD),In progress,Active,Evaluation & Research,Economic Growth,Development Effectiveness,Other Government,https://i4di.org/projects,,,,,,,,
"August 05, 2019 at 20:07 PM","October 23, 2022 at 21:18 PM",BalanceD-MERL,https://i4di.org/publications-view/balanced-merl-consortium-usaid/,FALSE,TRUE,21-Sep-15,31-Mar-19,Prime: World Vision; Donor: USAID; Subsidiary: US Global Development Lab,Completed,Closed,Systems and Program Design,Other,Organizational Learning,Other Government,https://i4di.org/publications-view/balanced-merl-consortium-usaid/,461,"March 17, 2022 at 12:58 PM","March 17, 2022 at 12:58 PM",United States,37.09024,-95.712891,United States,North America
"August 05, 2019 at 20:11 PM","October 23, 2022 at 21:21 PM",Project Center Technical Support,https://i4di.org/publications-view/technical-services-to-newdea-inc/,FALSE,TRUE,1-Feb-17,15-Dec-17,"NEWDEA, Inc. (client)",Completed,Closed,Capacity Building|Systems and Program Design,Knowledge Management,Development Effectiveness,Private Sector,https://i4di.org/projects,453,"March 17, 2022 at 11:45 AM","March 17, 2022 at 11:46 AM",United States,37.09024,-95.712891,United States,North America
"August 05, 2019 at 20:16 PM","October 23, 2022 at 21:18 PM",Knowledge Management Services,https://i4di.org/publications-view/sub-description-cpi-initial-assessment-counterpart-international-2/,FALSE,TRUE,7-Oct-16,30-Apr-18,Counterpart International,Completed,Closed,Adaptive Management|Evaluation & Research|Systems and Program Design,Knowledge Management,Organizational Learning,Non-governmental Organization,https://i4di.org/systems-and-programs-design/,436,"March 10, 2022 at 10:45 AM","March 10, 2022 at 10:45 AM",United States,37.09024,-95.712891,United States,North America
"August 05, 2019 at 20:20 PM","October 23, 2022 at 21:18 PM",NextGen Indonesia Baseline Study for Sustainable Cocoa Production Program ,https://i4di.org/publications-view/nextgen-baseline-study-for-sustainable-cocoa-production-program-mars-inc-indonesia/,FALSE,TRUE,1-Nov-17,31-Mar-18,"Mars Food Inc, Issuing Office: Singapore Branch",Completed,Closed,Advanced Data Analytics|Evaluation & Research,Agriculture and Food,Corporate Sustainability,Private Sector,https://i4di.org/publications-view/nextgen-baseline-study-for-sustainable-cocoa-production-program-mars-inc-indonesia/,444,"March 14, 2022 at 15:45 PM","March 17, 2022 at 09:56 AM",Indonesia,-0.789275,113.921327,Indonesia,Asia
"August 05, 2019 at 20:23 PM","October 23, 2022 at 21:20 PM",Program Effectiveness & Organizational Effectiveness Plan,https://i4di.org/publications-view/program-and-organizational-effectiveness-plan-mars-inc/,FALSE,TRUE,1-Nov-17,1-Nov-18,Mars Inc.: Mars Indonesia,Completed,Closed,Systems and Program Design,Agriculture and Food,Corporate Sustainability|Organizational Learning,Private Sector,https://i4di.org/systems-and-programs-design/,446,"March 14, 2022 at 16:19 PM","March 17, 2022 at 11:25 AM",Indonesia,-0.789275,113.921327,Indonesia,Asia
"August 05, 2019 at 20:26 PM","October 23, 2022 at 21:20 PM",Learning Framework Technical Support,https://i4di.org/publications-view/learning-framework-technical-support-mars-inc-income-lab/,FALSE,TRUE,15-Oct-17,15-Feb-18,Mars Inc.: Mars Income Lab,Completed,Closed,Systems and Program Design,Agriculture and Food,Corporate Sustainability|Organizational Learning,Private Sector,https://i4di.org/publications-view/learning-framework-technical-support-mars-inc-income-lab/,445,"March 14, 2022 at 15:52 PM","March 14, 2022 at 15:52 PM",Indonesia,-0.789275,113.921327,Indonesia,Asia
"August 08, 2019 at 17:17 PM","October 26, 2022 at 16:14 PM",Independent Evaluation of the Civil Society Education Fund (CSEF) Programme 2013 – 2015 for the Global Campaign for Education,https://i4di.org/evaluation-of-csef-programme/,FALSE,TRUE,1-Apr-15,22-Oct-15,Global Campaign for Education: Civil Society Education Fund,Completed,Closed,Evaluation & Research,Education,Development Effectiveness,Multilateral Organization,https://i4di.org/publications-view/performance-evaluation-of-the-civil-society-education-fund-csef-programme-2013-2015-global-campaign-for-education/,497,"October 26, 2022 at 16:13 PM","October 26, 2022 at 16:13 PM",Malawi,-13.254308,34.301525,Malawi,Africa
"August 08, 2019 at 17:17 PM","October 26, 2022 at 16:14 PM",Independent Evaluation of the Civil Society Education Fund (CSEF) Programme 2013 – 2015 for the Global Campaign for Education,https://i4di.org/evaluation-of-csef-programme/,FALSE,TRUE,1-Apr-15,22-Oct-15,Global Campaign for Education: Civil Society Education Fund,Completed,Closed,Evaluation & Research,Education,Development Effectiveness,Multilateral Organization,https://i4di.org/publications-view/performance-evaluation-of-the-civil-society-education-fund-csef-programme-2013-2015-global-campaign-for-education/,471,"June 15, 2022 at 17:51 PM","October 26, 2022 at 16:13 PM",Vietnam,14.058324,108.277199,Vietnam,Asia
"August 08, 2019 at 17:17 PM","October 26, 2022 at 16:14 PM",Independent Evaluation of the Civil Society Education Fund (CSEF) Programme 2013 – 2015 for the Global Campaign for Education,https://i4di.org/evaluation-of-csef-programme/,FALSE,TRUE,1-Apr-15,22-Oct-15,Global Campaign for Education: Civil Society Education Fund,Completed,Closed,Evaluation & Research,Education,Development Effectiveness,Multilateral Organization,https://i4di.org/publications-view/performance-evaluation-of-the-civil-society-education-fund-csef-programme-2013-2015-global-campaign-for-education/,472,"June 15, 2022 at 17:51 PM","October 26, 2022 at 16:13 PM",Moldova,47.411631,28.369885,Moldova,Europe
"August 08, 2019 at 17:17 PM","October 26, 2022 at 16:14 PM",Independent Evaluation of the Civil Society Education Fund (CSEF) Programme 2013 – 2015 for the Global Campaign for Education,https://i4di.org/evaluation-of-csef-programme/,FALSE,TRUE,1-Apr-15,22-Oct-15,Global Campaign for Education: Civil Society Education Fund,Completed,Closed,Evaluation & Research,Education,Development Effectiveness,Multilateral Organization,https://i4di.org/publications-view/performance-evaluation-of-the-civil-society-education-fund-csef-programme-2013-2015-global-campaign-for-education/,473,"June 15, 2022 at 17:51 PM","October 26, 2022 at 16:13 PM",Zimbabwe,-19.015438,29.154857,Zimbabwe,Africa
"August 08, 2019 at 17:17 PM","October 26, 2022 at 16:14 PM",Independent Evaluation of the Civil Society Education Fund (CSEF) Programme 2013 – 2015 for the Global Campaign for Education,https://i4di.org/evaluation-of-csef-programme/,FALSE,TRUE,1-Apr-15,22-Oct-15,Global Campaign for Education: Civil Society Education Fund,Completed,Closed,Evaluation & Research,Education,Development Effectiveness,Multilateral Organization,https://i4di.org/publications-view/performance-evaluation-of-the-civil-society-education-fund-csef-programme-2013-2015-global-campaign-for-education/,474,"June 15, 2022 at 17:51 PM","October 26, 2022 at 16:13 PM",Senegal,14.497401,-14.452362,Senegal,Africa
"August 08, 2019 at 17:17 PM","October 26, 2022 at 16:14 PM",Independent Evaluation of the Civil Society Education Fund (CSEF) Programme 2013 – 2015 for the Global Campaign for Education,https://i4di.org/evaluation-of-csef-programme/,FALSE,TRUE,1-Apr-15,22-Oct-15,Global Campaign for Education: Civil Society Education Fund,Completed,Closed,Evaluation & Research,Education,Development Effectiveness,Multilateral Organization,https://i4di.org/publications-view/performance-evaluation-of-the-civil-society-education-fund-csef-programme-2013-2015-global-campaign-for-education/,475,"June 15, 2022 at 17:51 PM","October 26, 2022 at 16:13 PM",Nicaragua,12.865416,-85.207229,Nicaragua,North America
"August 08, 2019 at 22:33 PM","October 23, 2022 at 21:22 PM",Independent Review Committee for NORHED,https://i4di.org/publications-view/norwegian-programme-for-capacity-development-in-higher-education-research-for-development-norhed/,FALSE,TRUE,9-May-16,7-Jun-16,Norwegian Agency of Development Cooperation (Norad),Completed,Closed,Evaluation & Research,Education,Development Effectiveness,Other Government,https://i4di.org/publications-view/norwegian-programme-for-capacity-development-in-higher-education-research-for-development-norhed/,455,"March 17, 2022 at 12:04 PM","March 17, 2022 at 12:04 PM",Norway,60.472024,8.468946,Norway,Europe
"August 09, 2019 at 21:17 PM","October 23, 2022 at 21:22 PM",Citizenship & Leadership Program Independent Evaluation,https://i4di.org/publications-view/provision-of-mel-e-learning-materials-for-heifer-international/,FALSE,TRUE,26-Aug-16,30-Apr-17,Haitian Education & Leadership Program (HELP),Completed,Closed,Evaluation & Research,Education,Development Effectiveness,Non-governmental Organization,https://i4di.org/publications-view/performance-evaluation-of-haitian-education-and-leadership-program-help/,442,"March 10, 2022 at 13:48 PM","March 10, 2022 at 13:48 PM",Haiti,18.971187,-72.285215,Haiti,North America
"August 19, 2019 at 21:58 PM","October 23, 2022 at 21:19 PM",Framework Agreement for the Provision of Services Related to Quantitative and Qualitative Effect evaluations  ,https://i4di.org/publications-view/framework-agreement-for-provision-of-services-dutch-mfa/,FALSE,TRUE,1-Aug-16,24-Sep-19,Dutch Ministry of Foreign Affairs,Completed,Closed,Evaluation & Research,Economic Growth|Trade,Development Effectiveness,Other Government,https://i4di.org/publications-view/framework-agreement-for-provision-of-services-dutch-mfa/,438,"March 10, 2022 at 11:04 AM","March 10, 2022 at 11:05 AM",Serbia,44.016521,21.005859,Serbia,Europe
"August 19, 2019 at 22:02 PM","October 23, 2022 at 21:19 PM",Institutional Cooperation Instrument (ICI) Programme Review ,https://i4di.org/publications-view/institutional-cooperation-instrument-ici-programme-review-finish-higher-education-institutional-cooperation-instrument/,FALSE,TRUE,26-Sep-16,30-Dec-16,Finish Higher Education Institutional,Completed,Closed,Evaluation & Research,Education,Development Effectiveness,Other Government,https://i4di.org/publications-view/institutional-cooperation-instrument-ici-programme-review-finish-higher-education-institutional-cooperation-instrument/,440,"March 10, 2022 at 11:23 AM","March 10, 2022 at 11:23 AM",Finland,61.92411,25.748151,Finland,Europe
"August 19, 2019 at 22:10 PM","October 23, 2022 at 21:28 PM",Workshop on Qualitative Methods on Impact Evaluations ,https://i4di.org/publications-view/workshop-on-qualitative-methods-on-impact-evaluations-seo-amsterdam-economics-netherlands/,FALSE,TRUE,26-Dec-18,30-Oct-19,SEO Amsterdam Economics,Completed,Closed,Capacity Building,Other,Development Effectiveness,Non-governmental Organization,https://i4di.org/publications-view/workshop-on-qualitative-methods-on-impact-evaluations-seo-amsterdam-economics-netherlands/,458,"March 17, 2022 at 12:19 PM","March 17, 2022 at 12:20 PM",Netherlands,52.132633,5.291266,Netherlands,Europe
"August 19, 2019 at 22:25 PM","October 23, 2022 at 21:23 PM",End of Project Evaluation of National Education Coalition,https://i4di.org/publications-view/end-of-project-evaluation-of-national-evaluation-coalition-ngo-education-partnership-nep/,FALSE,TRUE,1-Oct-15,30-Dec-15,NGO Education Partnership (NEP),Completed,Closed,Evaluation & Research,Education,Development Effectiveness,Non-governmental Organization,https://i4di.org/publications-view/end-of-project-evaluation-of-national-evaluation-coalition-ngo-education-partnership-nep/,454,"March 17, 2022 at 11:56 AM","March 17, 2022 at 11:58 AM",Cambodia,12.565679,104.990963,Cambodia,Asia
"August 19, 2019 at 22:29 PM","October 23, 2022 at 21:23 PM",Norwegian Programme for Capacity Development in Higher Education and Research for Development (NORHED),https://i4di.org/publications-view/norwegian-programme-for-capacity-development-in-higher-education-research-for-development-norhed/,FALSE,TRUE,1-May-15,30-Jun-16,Norwegian Programme for Capacity Development in Higher Education and Research for Development (NORHED),Completed,Closed,Evaluation & Research,Education,Development Effectiveness,Non-governmental Organization,https://i4di.org/publications-view/norwegian-programme-for-capacity-development-in-higher-education-research-for-development-norhed/,456,"March 17, 2022 at 12:09 PM","March 17, 2022 at 12:09 PM",Norway,60.472024,8.468946,Norway,Europe
"September 03, 2019 at 21:28 PM","October 23, 2022 at 21:24 PM",Theory of Development and Shared Measurement Assets,https://i4di.org/publications-view/theory-of-development-and-shared-measurement-assets-pact-international-haiti/,FALSE,TRUE,1-Jan-16,31-Jan-16,PACT International,Completed,Closed,Systems and Program Design,Knowledge Management,Organizational Learning,Non-governmental Organization,https://i4di.org/publications-view/theory-of-development-and-shared-measurement-assets-pact-international-haiti/,457,"March 17, 2022 at 12:13 PM","March 17, 2022 at 12:13 PM",United States,37.09024,-95.712891,United States,North America
"September 24, 2019 at 15:52 PM","October 23, 2022 at 21:26 PM",Conditions for Voluntary Adoption of Best Management Practices ,https://i4di.org/publications-view/best-management-practices-in-the-amazon-usaid/,FALSE,TRUE,1-Dec-16,31-Aug-17,USAID/Peru,Completed,Closed,Evaluation & Research,Environment,Organizational Learning,U.S. Government ,https://i4di.org/publications-view/best-management-practices-in-the-amazon-usaid/,466,"March 17, 2022 at 13:42 PM","March 17, 2022 at 13:43 PM",Peru,-9.189967,-75.015152,Peru,South America
"September 24, 2019 at 20:45 PM","March 10, 2022 at 13:44 PM",Grant Reviewer: Great Streets DC proposals ,https://i4di.org/i4di-to-serve-as-the-program-review-implementation-manager-for-fy-2017-dc-great-streets-grants/,FALSE,TRUE,8-Dec-16,10-Jun-17,"Government of the District of Columbia, Office of the Deputy Mayor for Planning & Economic Development",Completed,Closed,Evaluation & Research,Economic Growth,Organizational Learning,Other Government,https://i4di.org/projects,433,"February 21, 2022 at 14:52 PM","March 10, 2022 at 13:43 PM",United States,37.09024,-95.712891,United States,North America
"September 24, 2019 at 20:47 PM","March 08, 2022 at 12:26 PM",USAID Tech for Green Cities (T4GC),https://i4di.org/publications-view/tech-for-green-governance-usaid/,TRUE,FALSE,1-Oct-19,30-Sep-22,USAID; Prime: I4DI,In progress,Awarded,Capacity Building|Systems and Program Design,Environment|ICT,Digital Tech for Social Good,U.S. Government ,https://i4di.org/publications-view/tech-for-green-governance-usaid/,353,"April 12, 2020 at 03:32 AM","March 08, 2022 at 12:26 PM",Preah Netr Preah District,13.6209301,103.1826862,Cambodia,Asia
"September 24, 2019 at 20:47 PM","March 08, 2022 at 12:26 PM",USAID Tech for Green Cities (T4GC),https://i4di.org/publications-view/tech-for-green-governance-usaid/,TRUE,FALSE,1-Oct-19,30-Sep-22,USAID; Prime: I4DI,In progress,Awarded,Capacity Building|Systems and Program Design,Environment|ICT,Digital Tech for Social Good,U.S. Government ,https://i4di.org/publications-view/tech-for-green-governance-usaid/,290,,"March 08, 2022 at 12:26 PM",Battambang Province,13.0286971,102.989615,Cambodia,Asia
"September 24, 2019 at 20:47 PM","March 08, 2022 at 12:26 PM",USAID Tech for Green Cities (T4GC),https://i4di.org/publications-view/tech-for-green-governance-usaid/,TRUE,FALSE,1-Oct-19,30-Sep-22,USAID; Prime: I4DI,In progress,Awarded,Capacity Building|Systems and Program Design,Environment|ICT,Digital Tech for Social Good,U.S. Government ,https://i4di.org/publications-view/tech-for-green-governance-usaid/,354,"April 12, 2020 at 03:32 AM","March 08, 2022 at 12:26 PM",Thma Puok District,13.9399998,103.0573937,Cambodia,Asia
"September 24, 2019 at 20:47 PM","March 08, 2022 at 12:26 PM",USAID Tech for Green Cities (T4GC),https://i4di.org/publications-view/tech-for-green-governance-usaid/,TRUE,FALSE,1-Oct-19,30-Sep-22,USAID; Prime: I4DI,In progress,Awarded,Capacity Building|Systems and Program Design,Environment|ICT,Digital Tech for Social Good,U.S. Government ,https://i4di.org/publications-view/tech-for-green-governance-usaid/,355,"April 12, 2020 at 03:32 AM","March 08, 2022 at 12:26 PM",Mongkuk Borei District,13.5412137,103.0299331,Cambodia,Asia
"September 24, 2019 at 20:47 PM","March 08, 2022 at 12:26 PM",USAID Tech for Green Cities (T4GC),https://i4di.org/publications-view/tech-for-green-governance-usaid/,TRUE,FALSE,1-Oct-19,30-Sep-22,USAID; Prime: I4DI,In progress,Awarded,Capacity Building|Systems and Program Design,Environment|ICT,Digital Tech for Social Good,U.S. Government ,https://i4di.org/publications-view/tech-for-green-governance-usaid/,356,"April 12, 2020 at 03:32 AM","March 08, 2022 at 12:26 PM",Paoy Paet Municipality District,13.6548992,102.5606557,Cambodia,Asia
"September 24, 2019 at 20:47 PM","March 08, 2022 at 12:26 PM",USAID Tech for Green Cities (T4GC),https://i4di.org/publications-view/tech-for-green-governance-usaid/,TRUE,FALSE,1-Oct-19,30-Sep-22,USAID; Prime: I4DI,In progress,Awarded,Capacity Building|Systems and Program Design,Environment|ICT,Digital Tech for Social Good,U.S. Government ,https://i4di.org/publications-view/tech-for-green-governance-usaid/,357,"April 12, 2020 at 03:32 AM","March 08, 2022 at 12:26 PM",Serei Saophoan Municipality,13.5836237,102.9737739,Cambodia,Asia
"September 24, 2019 at 20:47 PM","March 08, 2022 at 12:26 PM",USAID Tech for Green Cities (T4GC),https://i4di.org/publications-view/tech-for-green-governance-usaid/,TRUE,FALSE,1-Oct-19,30-Sep-22,USAID; Prime: I4DI,In progress,Awarded,Capacity Building|Systems and Program Design,Environment|ICT,Digital Tech for Social Good,U.S. Government ,https://i4di.org/publications-view/tech-for-green-governance-usaid/,358,"April 12, 2020 at 03:32 AM","March 08, 2022 at 12:26 PM",Moung Commune,12.7887676,103.490139,Cambodia,Asia
"September 24, 2019 at 20:47 PM","March 08, 2022 at 12:26 PM",USAID Tech for Green Cities (T4GC),https://i4di.org/publications-view/tech-for-green-governance-usaid/,TRUE,FALSE,1-Oct-19,30-Sep-22,USAID; Prime: I4DI,In progress,Awarded,Capacity Building|Systems and Program Design,Environment|ICT,Digital Tech for Social Good,U.S. Government ,https://i4di.org/publications-view/tech-for-green-governance-usaid/,359,"April 12, 2020 at 03:32 AM","March 08, 2022 at 12:26 PM",Phnom Sampov Commune,13.0208983,103.084689,Cambodia,Asia
"September 24, 2019 at 20:47 PM","March 08, 2022 at 12:26 PM",USAID Tech for Green Cities (T4GC),https://i4di.org/publications-view/tech-for-green-governance-usaid/,TRUE,FALSE,1-Oct-19,30-Sep-22,USAID; Prime: I4DI,In progress,Awarded,Capacity Building|Systems and Program Design,Environment|ICT,Digital Tech for Social Good,U.S. Government ,https://i4di.org/publications-view/tech-for-green-governance-usaid/,360,"April 12, 2020 at 03:32 AM","March 08, 2022 at 12:26 PM",Chheu Teal Commune,13.02575,103.16975,Cambodia,Asia
"September 24, 2019 at 20:47 PM","March 08, 2022 at 12:26 PM",USAID Tech for Green Cities (T4GC),https://i4di.org/publications-view/tech-for-green-governance-usaid/,TRUE,FALSE,1-Oct-19,30-Sep-22,USAID; Prime: I4DI,In progress,Awarded,Capacity Building|Systems and Program Design,Environment|ICT,Digital Tech for Social Good,U.S. Government ,https://i4di.org/publications-view/tech-for-green-governance-usaid/,361,"April 12, 2020 at 03:32 AM","March 08, 2022 at 12:26 PM",Ta Poung Commune,11.5641276,104.7677729,Cambodia,Asia
"September 24, 2019 at 20:47 PM","March 08, 2022 at 12:26 PM",USAID Tech for Green Cities (T4GC),https://i4di.org/publications-view/tech-for-green-governance-usaid/,TRUE,FALSE,1-Oct-19,30-Sep-22,USAID; Prime: I4DI,In progress,Awarded,Capacity Building|Systems and Program Design,Environment|ICT,Digital Tech for Social Good,U.S. Government ,https://i4di.org/publications-view/tech-for-green-governance-usaid/,362,"April 12, 2020 at 03:32 AM","March 08, 2022 at 12:26 PM",Ta Meun Commune,13.2780966,103.0897631,Cambodia,Asia
"September 24, 2019 at 20:47 PM","March 08, 2022 at 12:26 PM",USAID Tech for Green Cities (T4GC),https://i4di.org/publications-view/tech-for-green-governance-usaid/,TRUE,FALSE,1-Oct-19,30-Sep-22,USAID; Prime: I4DI,In progress,Awarded,Capacity Building|Systems and Program Design,Environment|ICT,Digital Tech for Social Good,U.S. Government ,https://i4di.org/publications-view/tech-for-green-governance-usaid/,363,"April 12, 2020 at 03:32 AM","March 08, 2022 at 12:26 PM",Anlong Vill Commune,13.0831799,103.2338863,Cambodia,Asia
"September 24, 2019 at 20:47 PM","March 08, 2022 at 12:26 PM",USAID Tech for Green Cities (T4GC),https://i4di.org/publications-view/tech-for-green-governance-usaid/,TRUE,FALSE,1-Oct-19,30-Sep-22,USAID; Prime: I4DI,In progress,Awarded,Capacity Building|Systems and Program Design,Environment|ICT,Digital Tech for Social Good,U.S. Government ,https://i4di.org/publications-view/tech-for-green-governance-usaid/,364,"April 12, 2020 at 03:32 AM","March 08, 2022 at 12:26 PM",Sangkat Chomkar Somraong,13.1128482,103.1994056,Cambodia,Asia
"September 24, 2019 at 20:47 PM","March 08, 2022 at 12:26 PM",USAID Tech for Green Cities (T4GC),https://i4di.org/publications-view/tech-for-green-governance-usaid/,TRUE,FALSE,1-Oct-19,30-Sep-22,USAID; Prime: I4DI,In progress,Awarded,Capacity Building|Systems and Program Design,Environment|ICT,Digital Tech for Social Good,U.S. Government ,https://i4di.org/publications-view/tech-for-green-governance-usaid/,365,"April 12, 2020 at 03:32 AM","March 08, 2022 at 12:26 PM",Sangkat Kdol Doun Teav,13.1400053,103.2031241,Cambodia,Asia
"September 24, 2019 at 20:47 PM","March 08, 2022 at 12:26 PM",USAID Tech for Green Cities (T4GC),https://i4di.org/publications-view/tech-for-green-governance-usaid/,TRUE,FALSE,1-Oct-19,30-Sep-22,USAID; Prime: I4DI,In progress,Awarded,Capacity Building|Systems and Program Design,Environment|ICT,Digital Tech for Social Good,U.S. Government ,https://i4di.org/publications-view/tech-for-green-governance-usaid/,366,"April 12, 2020 at 03:32 AM","March 08, 2022 at 12:26 PM",Sangkat Ou Char,13.1042093,103.1682675,Cambodia,Asia
"September 24, 2019 at 20:47 PM","March 08, 2022 at 12:26 PM",USAID Tech for Green Cities (T4GC),https://i4di.org/publications-view/tech-for-green-governance-usaid/,TRUE,FALSE,1-Oct-19,30-Sep-22,USAID; Prime: I4DI,In progress,Awarded,Capacity Building|Systems and Program Design,Environment|ICT,Digital Tech for Social Good,U.S. Government ,https://i4di.org/publications-view/tech-for-green-governance-usaid/,367,"April 12, 2020 at 03:32 AM","March 08, 2022 at 12:26 PM",Sangkat Prek Preah Sdach,13.0880979,103.2088323,Cambodia,Asia
"September 24, 2019 at 20:47 PM","March 08, 2022 at 12:26 PM",USAID Tech for Green Cities (T4GC),https://i4di.org/publications-view/tech-for-green-governance-usaid/,TRUE,FALSE,1-Oct-19,30-Sep-22,USAID; Prime: I4DI,In progress,Awarded,Capacity Building|Systems and Program Design,Environment|ICT,Digital Tech for Social Good,U.S. Government ,https://i4di.org/publications-view/tech-for-green-governance-usaid/,368,"April 12, 2020 at 03:32 AM","March 08, 2022 at 12:26 PM",Sangkat Rottanak,13.0980339,103.2075349,Cambodia,Asia
"September 24, 2019 at 20:47 PM","March 08, 2022 at 12:26 PM",USAID Tech for Green Cities (T4GC),https://i4di.org/publications-view/tech-for-green-governance-usaid/,TRUE,FALSE,1-Oct-19,30-Sep-22,USAID; Prime: I4DI,In progress,Awarded,Capacity Building|Systems and Program Design,Environment|ICT,Digital Tech for Social Good,U.S. Government ,https://i4di.org/publications-view/tech-for-green-governance-usaid/,369,"April 12, 2020 at 03:32 AM","March 08, 2022 at 12:26 PM",Sangkat Sla Ket,13.1169787,103.2001046,Cambodia,Asia
"September 24, 2019 at 20:47 PM","March 08, 2022 at 12:26 PM",USAID Tech for Green Cities (T4GC),https://i4di.org/publications-view/tech-for-green-governance-usaid/,TRUE,FALSE,1-Oct-19,30-Sep-22,USAID; Prime: I4DI,In progress,Awarded,Capacity Building|Systems and Program Design,Environment|ICT,Digital Tech for Social Good,U.S. Government ,https://i4di.org/publications-view/tech-for-green-governance-usaid/,370,"April 12, 2020 at 03:32 AM","March 08, 2022 at 12:26 PM",Sangkat Tuol Ta Ek,13.0960249,103.1869178,Cambodia,Asia
"September 24, 2019 at 20:47 PM","March 08, 2022 at 12:26 PM",USAID Tech for Green Cities (T4GC),https://i4di.org/publications-view/tech-for-green-governance-usaid/,TRUE,FALSE,1-Oct-19,30-Sep-22,USAID; Prime: I4DI,In progress,Awarded,Capacity Building|Systems and Program Design,Environment|ICT,Digital Tech for Social Good,U.S. Government ,https://i4di.org/publications-view/tech-for-green-governance-usaid/,371,"April 12, 2020 at 03:32 AM","March 08, 2022 at 12:26 PM",Sangkat Voat Kor,13.0758445,103.1936797,Cambodia,Asia
"September 24, 2019 at 20:47 PM","March 08, 2022 at 12:26 PM",USAID Tech for Green Cities (T4GC),https://i4di.org/publications-view/tech-for-green-governance-usaid/,TRUE,FALSE,1-Oct-19,30-Sep-22,USAID; Prime: I4DI,In progress,Awarded,Capacity Building|Systems and Program Design,Environment|ICT,Digital Tech for Social Good,U.S. Government ,https://i4di.org/publications-view/tech-for-green-governance-usaid/,372,"April 12, 2020 at 03:32 AM","March 08, 2022 at 12:26 PM",Chob Vari Commune,13.623858,103.1830039,Cambodia,Asia
"September 24, 2019 at 20:47 PM","March 08, 2022 at 12:26 PM",USAID Tech for Green Cities (T4GC),https://i4di.org/publications-view/tech-for-green-governance-usaid/,TRUE,FALSE,1-Oct-19,30-Sep-22,USAID; Prime: I4DI,In progress,Awarded,Capacity Building|Systems and Program Design,Environment|ICT,Digital Tech for Social Good,U.S. Government ,https://i4di.org/publications-view/tech-for-green-governance-usaid/,373,"April 12, 2020 at 03:32 AM","March 08, 2022 at 12:26 PM",Kumru Commune,13.9899457,103.0241726,Cambodia,Asia
"September 24, 2019 at 20:47 PM","March 08, 2022 at 12:26 PM",USAID Tech for Green Cities (T4GC),https://i4di.org/publications-view/tech-for-green-governance-usaid/,TRUE,FALSE,1-Oct-19,30-Sep-22,USAID; Prime: I4DI,In progress,Awarded,Capacity Building|Systems and Program Design,Environment|ICT,Digital Tech for Social Good,U.S. Government ,https://i4di.org/publications-view/tech-for-green-governance-usaid/,374,"April 12, 2020 at 03:32 AM","March 08, 2022 at 12:26 PM",Ruessei Kraok Commune,13.5373823,103.0228322,Cambodia,Asia
"September 24, 2019 at 20:47 PM","March 08, 2022 at 12:26 PM",USAID Tech for Green Cities (T4GC),https://i4di.org/publications-view/tech-for-green-governance-usaid/,TRUE,FALSE,1-Oct-19,30-Sep-22,USAID; Prime: I4DI,In progress,Awarded,Capacity Building|Systems and Program Design,Environment|ICT,Digital Tech for Social Good,U.S. Government ,https://i4di.org/publications-view/tech-for-green-governance-usaid/,375,"April 12, 2020 at 03:32 AM","March 08, 2022 at 12:26 PM",Banteay Neang Commune,13.5108093,103.0155323,Cambodia,Asia
"September 24, 2019 at 20:47 PM","March 08, 2022 at 12:26 PM",USAID Tech for Green Cities (T4GC),https://i4di.org/publications-view/tech-for-green-governance-usaid/,TRUE,FALSE,1-Oct-19,30-Sep-22,USAID; Prime: I4DI,In progress,Awarded,Capacity Building|Systems and Program Design,Environment|ICT,Digital Tech for Social Good,U.S. Government ,https://i4di.org/publications-view/tech-for-green-governance-usaid/,376,"April 12, 2020 at 03:32 AM","March 08, 2022 at 12:26 PM",Phsar Kandal Commune,13.6376826,102.5881449,Cambodia,Asia
"September 24, 2019 at 20:47 PM","March 08, 2022 at 12:26 PM",USAID Tech for Green Cities (T4GC),https://i4di.org/publications-view/tech-for-green-governance-usaid/,TRUE,FALSE,1-Oct-19,30-Sep-22,USAID; Prime: I4DI,In progress,Awarded,Capacity Building|Systems and Program Design,Environment|ICT,Digital Tech for Social Good,U.S. Government ,https://i4di.org/publications-view/tech-for-green-governance-usaid/,377,"April 12, 2020 at 03:32 AM","March 08, 2022 at 12:26 PM",Paoy Pet Commune,13.65699,102.566046,Cambodia,Asia
"September 24, 2019 at 20:47 PM","March 08, 2022 at 12:26 PM",USAID Tech for Green Cities (T4GC),https://i4di.org/publications-view/tech-for-green-governance-usaid/,TRUE,FALSE,1-Oct-19,30-Sep-22,USAID; Prime: I4DI,In progress,Awarded,Capacity Building|Systems and Program Design,Environment|ICT,Digital Tech for Social Good,U.S. Government ,https://i4di.org/publications-view/tech-for-green-governance-usaid/,378,"April 12, 2020 at 03:32 AM","March 08, 2022 at 12:26 PM",Sangkat Kampong Svay,13.619194,102.96725,Cambodia,Asia
"September 24, 2019 at 20:47 PM","March 08, 2022 at 12:26 PM",USAID Tech for Green Cities (T4GC),https://i4di.org/publications-view/tech-for-green-governance-usaid/,TRUE,FALSE,1-Oct-19,30-Sep-22,USAID; Prime: I4DI,In progress,Awarded,Capacity Building|Systems and Program Design,Environment|ICT,Digital Tech for Social Good,U.S. Government ,https://i4di.org/publications-view/tech-for-green-governance-usaid/,379,"April 12, 2020 at 03:32 AM","March 08, 2022 at 12:26 PM",Sangkat Ou Ambel,13.5879261,102.9683846,Cambodia,Asia
"September 24, 2019 at 20:47 PM","March 08, 2022 at 12:26 PM",USAID Tech for Green Cities (T4GC),https://i4di.org/publications-view/tech-for-green-governance-usaid/,TRUE,FALSE,1-Oct-19,30-Sep-22,USAID; Prime: I4DI,In progress,Awarded,Capacity Building|Systems and Program Design,Environment|ICT,Digital Tech for Social Good,U.S. Government ,https://i4di.org/publications-view/tech-for-green-governance-usaid/,380,"April 12, 2020 at 03:32 AM","March 08, 2022 at 12:26 PM",Sangkat Preah Ponlea,13.5833746,102.9810091,Cambodia,Asia
"September 24, 2019 at 20:47 PM","March 08, 2022 at 12:26 PM",USAID Tech for Green Cities (T4GC),https://i4di.org/publications-view/tech-for-green-governance-usaid/,TRUE,FALSE,1-Oct-19,30-Sep-22,USAID; Prime: I4DI,In progress,Awarded,Capacity Building|Systems and Program Design,Environment|ICT,Digital Tech for Social Good,U.S. Government ,https://i4di.org/publications-view/tech-for-green-governance-usaid/,381,"April 12, 2020 at 03:32 AM","March 08, 2022 at 12:26 PM",Sangkat Tuek Thla,11.5516133,104.8711028,Cambodia,Asia
"September 24, 2019 at 20:47 PM","March 08, 2022 at 12:26 PM",USAID Tech for Green Cities (T4GC),https://i4di.org/publications-view/tech-for-green-governance-usaid/,TRUE,FALSE,1-Oct-19,30-Sep-22,USAID; Prime: I4DI,In progress,Awarded,Capacity Building|Systems and Program Design,Environment|ICT,Digital Tech for Social Good,U.S. Government ,https://i4di.org/publications-view/tech-for-green-governance-usaid/,382,"April 13, 2020 at 03:59 AM","March 08, 2022 at 12:26 PM",Kear Commune,12.7741831,103.449116,Cambodia,Asia
"September 24, 2019 at 20:47 PM","March 08, 2022 at 12:26 PM",USAID Tech for Green Cities (T4GC),https://i4di.org/publications-view/tech-for-green-governance-usaid/,TRUE,FALSE,1-Oct-19,30-Sep-22,USAID; Prime: I4DI,In progress,Awarded,Capacity Building|Systems and Program Design,Environment|ICT,Digital Tech for Social Good,U.S. Government ,https://i4di.org/publications-view/tech-for-green-governance-usaid/,383,"April 13, 2020 at 03:59 AM","March 08, 2022 at 12:26 PM",Sangkat Omal,13.0765608,103.1577218,Cambodia,Asia
"September 24, 2019 at 20:47 PM","March 08, 2022 at 12:26 PM",USAID Tech for Green Cities (T4GC),https://i4di.org/publications-view/tech-for-green-governance-usaid/,TRUE,FALSE,1-Oct-19,30-Sep-22,USAID; Prime: I4DI,In progress,Awarded,Capacity Building|Systems and Program Design,Environment|ICT,Digital Tech for Social Good,U.S. Government ,https://i4di.org/publications-view/tech-for-green-governance-usaid/,384,"April 13, 2020 at 03:59 AM","March 08, 2022 at 12:26 PM",Sangkat Svay Por,13.091692,103.1990758,Cambodia,Asia
"September 24, 2019 at 20:47 PM","March 08, 2022 at 12:26 PM",USAID Tech for Green Cities (T4GC),https://i4di.org/publications-view/tech-for-green-governance-usaid/,TRUE,FALSE,1-Oct-19,30-Sep-22,USAID; Prime: I4DI,In progress,Awarded,Capacity Building|Systems and Program Design,Environment|ICT,Digital Tech for Social Good,U.S. Government ,https://i4di.org/publications-view/tech-for-green-governance-usaid/,385,"April 13, 2020 at 03:59 AM","March 08, 2022 at 12:26 PM",Thma Puok Commune,13.9425893,103.049425,Cambodia,Asia
"September 24, 2019 at 20:47 PM","March 08, 2022 at 12:26 PM",USAID Tech for Green Cities (T4GC),https://i4di.org/publications-view/tech-for-green-governance-usaid/,TRUE,FALSE,1-Oct-19,30-Sep-22,USAID; Prime: I4DI,In progress,Awarded,Capacity Building|Systems and Program Design,Environment|ICT,Digital Tech for Social Good,U.S. Government ,https://i4di.org/publications-view/tech-for-green-governance-usaid/,386,"April 14, 2020 at 15:41 PM","March 08, 2022 at 12:26 PM",Cambodia,12.565679,104.990963,Cambodia,Asia
"September 24, 2019 at 20:47 PM","March 08, 2022 at 12:26 PM",USAID Tech for Green Cities (T4GC),https://i4di.org/publications-view/tech-for-green-governance-usaid/,TRUE,FALSE,1-Oct-19,30-Sep-22,USAID; Prime: I4DI,In progress,Awarded,Capacity Building|Systems and Program Design,Environment|ICT,Digital Tech for Social Good,U.S. Government ,https://i4di.org/publications-view/tech-for-green-governance-usaid/,387,"April 21, 2020 at 05:38 AM","March 08, 2022 at 12:26 PM",Kampong Thom Province,12.8221829,105.1258955,Cambodia,Asia
"September 24, 2019 at 20:47 PM","March 08, 2022 at 12:26 PM",USAID Tech for Green Cities (T4GC),https://i4di.org/publications-view/tech-for-green-governance-usaid/,TRUE,FALSE,1-Oct-19,30-Sep-22,USAID; Prime: I4DI,In progress,Awarded,Capacity Building|Systems and Program Design,Environment|ICT,Digital Tech for Social Good,U.S. Government ,https://i4di.org/publications-view/tech-for-green-governance-usaid/,388,"April 21, 2020 at 05:38 AM","March 08, 2022 at 12:26 PM",Kampong Cham Province,12.0982918,105.3131185,Cambodia,Asia
"September 24, 2019 at 20:47 PM","March 08, 2022 at 12:26 PM",USAID Tech for Green Cities (T4GC),https://i4di.org/publications-view/tech-for-green-governance-usaid/,TRUE,FALSE,1-Oct-19,30-Sep-22,USAID; Prime: I4DI,In progress,Awarded,Capacity Building|Systems and Program Design,Environment|ICT,Digital Tech for Social Good,U.S. Government ,https://i4di.org/publications-view/tech-for-green-governance-usaid/,389,"April 14, 2020 at 15:41 PM","March 08, 2022 at 12:26 PM",National level,12.565679,104.990963,Various,Various
"September 24, 2019 at 20:47 PM","March 08, 2022 at 12:26 PM",USAID Tech for Green Cities (T4GC),https://i4di.org/publications-view/tech-for-green-governance-usaid/,TRUE,FALSE,1-Oct-19,30-Sep-22,USAID; Prime: I4DI,In progress,Awarded,Capacity Building|Systems and Program Design,Environment|ICT,Digital Tech for Social Good,U.S. Government ,https://i4di.org/publications-view/tech-for-green-governance-usaid/,347,"April 12, 2020 at 03:32 AM","March 08, 2022 at 12:26 PM",Banteay Meanchey Province,13.7531914,102.989615,Cambodia,Asia
"September 24, 2019 at 20:47 PM","March 08, 2022 at 12:26 PM",USAID Tech for Green Cities (T4GC),https://i4di.org/publications-view/tech-for-green-governance-usaid/,TRUE,FALSE,1-Oct-19,30-Sep-22,USAID; Prime: I4DI,In progress,Awarded,Capacity Building|Systems and Program Design,Environment|ICT,Digital Tech for Social Good,U.S. Government ,https://i4di.org/publications-view/tech-for-green-governance-usaid/,348,"April 12, 2020 at 03:32 AM","March 08, 2022 at 12:26 PM",Moung Ruessei District,12.7714845,103.4482868,Cambodia,Asia
"September 24, 2019 at 20:47 PM","March 08, 2022 at 12:26 PM",USAID Tech for Green Cities (T4GC),https://i4di.org/publications-view/tech-for-green-governance-usaid/,TRUE,FALSE,1-Oct-19,30-Sep-22,USAID; Prime: I4DI,In progress,Awarded,Capacity Building|Systems and Program Design,Environment|ICT,Digital Tech for Social Good,U.S. Government ,https://i4di.org/publications-view/tech-for-green-governance-usaid/,349,"April 12, 2020 at 03:32 AM","March 08, 2022 at 12:26 PM",Banan District,12.9445034,103.1480841,Cambodia,Asia
"September 24, 2019 at 20:47 PM","March 08, 2022 at 12:26 PM",USAID Tech for Green Cities (T4GC),https://i4di.org/publications-view/tech-for-green-governance-usaid/,TRUE,FALSE,1-Oct-19,30-Sep-22,USAID; Prime: I4DI,In progress,Awarded,Capacity Building|Systems and Program Design,Environment|ICT,Digital Tech for Social Good,U.S. Government ,https://i4di.org/publications-view/tech-for-green-governance-usaid/,350,"April 12, 2020 at 03:32 AM","March 08, 2022 at 12:26 PM",Thma Koul District,13.2665404,103.0875535,Cambodia,Asia
"September 24, 2019 at 20:47 PM","March 08, 2022 at 12:26 PM",USAID Tech for Green Cities (T4GC),https://i4di.org/publications-view/tech-for-green-governance-usaid/,TRUE,FALSE,1-Oct-19,30-Sep-22,USAID; Prime: I4DI,In progress,Awarded,Capacity Building|Systems and Program Design,Environment|ICT,Digital Tech for Social Good,U.S. Government ,https://i4di.org/publications-view/tech-for-green-governance-usaid/,351,"April 12, 2020 at 03:32 AM","March 08, 2022 at 12:26 PM",Sangkae District,13.0807278,103.2403779,Cambodia,Asia
"September 24, 2019 at 20:47 PM","March 08, 2022 at 12:26 PM",USAID Tech for Green Cities (T4GC),https://i4di.org/publications-view/tech-for-green-governance-usaid/,TRUE,FALSE,1-Oct-19,30-Sep-22,USAID; Prime: I4DI,In progress,Awarded,Capacity Building|Systems and Program Design,Environment|ICT,Digital Tech for Social Good,U.S. Government ,https://i4di.org/publications-view/tech-for-green-governance-usaid/,352,"April 12, 2020 at 03:32 AM","March 08, 2022 at 12:26 PM",Battambang Municipality,13.09573,103.2022055,Cambodia,Asia
"September 24, 2019 at 21:11 PM","October 23, 2022 at 21:26 PM"," Technology and Data Processing, and Analytics Solutions (2015-2016)",https://i4di.org/publications-view/technology-and-data-processing-analytics-solution-world-vision-haiti/,FALSE,TRUE,29-Jun-15,31-Dec-15,World Vision Haiti,Completed,Closed,Advanced Data Analytics|Capacity Building,ICT,Organizational Learning,Non-governmental Organization,https://i4di.org/publications-view/technology-and-data-processing-analytics-solution-world-vision-haiti/,465,"March 17, 2022 at 13:35 PM","March 17, 2022 at 13:35 PM",Haiti,18.971187,-72.285215,Haiti,North America
"September 24, 2019 at 21:18 PM","October 23, 2022 at 21:24 PM"," Monitoring, Evaluation, Research and Learning (MERL) Integrated Competence Development (2014-2017) ",https://i4di.org/publications-view/monitoring-evaluation-research-and-learning-merl-integrated-competence-development-world-vision-international/,FALSE,TRUE,20-May-16,30-Sep-17,WORLD VISION GHANA,Completed,Closed,Capacity Building,ICT,Organizational Learning,U.S. Government ,https://i4di.org/publications-view/monitoring-evaluation-research-and-learning-merl-integrated-competence-development-world-vision-international/,464,"March 17, 2022 at 13:20 PM","March 17, 2022 at 13:20 PM",Ghana,7.946527,-1.023194,Ghana,Africa
"September 24, 2019 at 21:37 PM","October 26, 2022 at 16:47 PM","Monitoring, Evaluation, Research and Learning (MERL) Integrated Competence Development ",https://i4di.org/publications-view/monitoring-evaluation-research-and-learning-merl-integrated-competence-development-world-vision-international/,FALSE,TRUE,1-Jan-14,30-Dec-17,World Vision,Completed,Closed,Capacity Building,Other,Organizational Learning,Private Sector,https://i4di.org/publications-view/monitoring-evaluation-research-and-learning-merl-integrated-competence-development-world-vision-international/,506,"October 26, 2022 at 16:41 PM","October 26, 2022 at 16:46 PM",Chad,15.454166,18.732207,Chad,Africa
"September 24, 2019 at 21:37 PM","October 26, 2022 at 16:47 PM","Monitoring, Evaluation, Research and Learning (MERL) Integrated Competence Development ",https://i4di.org/publications-view/monitoring-evaluation-research-and-learning-merl-integrated-competence-development-world-vision-international/,FALSE,TRUE,1-Jan-14,30-Dec-17,World Vision,Completed,Closed,Capacity Building,Other,Organizational Learning,Private Sector,https://i4di.org/publications-view/monitoring-evaluation-research-and-learning-merl-integrated-competence-development-world-vision-international/,507,"October 26, 2022 at 16:41 PM","October 26, 2022 at 16:46 PM",Niger,17.607789,8.081666,Niger,Africa
"September 24, 2019 at 21:37 PM","October 26, 2022 at 16:47 PM","Monitoring, Evaluation, Research and Learning (MERL) Integrated Competence Development ",https://i4di.org/publications-view/monitoring-evaluation-research-and-learning-merl-integrated-competence-development-world-vision-international/,FALSE,TRUE,1-Jan-14,30-Dec-17,World Vision,Completed,Closed,Capacity Building,Other,Organizational Learning,Private Sector,https://i4di.org/publications-view/monitoring-evaluation-research-and-learning-merl-integrated-competence-development-world-vision-international/,508,"October 26, 2022 at 16:41 PM","October 26, 2022 at 16:46 PM",Eswatini,-26.522503,31.465866,Eswatini,Africa
"September 24, 2019 at 21:37 PM","October 26, 2022 at 16:47 PM","Monitoring, Evaluation, Research and Learning (MERL) Integrated Competence Development ",https://i4di.org/publications-view/monitoring-evaluation-research-and-learning-merl-integrated-competence-development-world-vision-international/,FALSE,TRUE,1-Jan-14,30-Dec-17,World Vision,Completed,Closed,Capacity Building,Other,Organizational Learning,Private Sector,https://i4di.org/publications-view/monitoring-evaluation-research-and-learning-merl-integrated-competence-development-world-vision-international/,493,"June 15, 2022 at 18:20 PM","October 26, 2022 at 16:46 PM",Brazil,-14.235004,-51.92528,Brazil,South America
"September 24, 2019 at 21:37 PM","October 26, 2022 at 16:47 PM","Monitoring, Evaluation, Research and Learning (MERL) Integrated Competence Development ",https://i4di.org/publications-view/monitoring-evaluation-research-and-learning-merl-integrated-competence-development-world-vision-international/,FALSE,TRUE,1-Jan-14,30-Dec-17,World Vision,Completed,Closed,Capacity Building,Other,Organizational Learning,Private Sector,https://i4di.org/publications-view/monitoring-evaluation-research-and-learning-merl-integrated-competence-development-world-vision-international/,509,"October 26, 2022 at 16:41 PM","October 26, 2022 at 16:46 PM",Sierra Leone,8.460555,-11.779889,Sierra Leone,Africa
"September 24, 2019 at 21:37 PM","October 26, 2022 at 16:47 PM","Monitoring, Evaluation, Research and Learning (MERL) Integrated Competence Development ",https://i4di.org/publications-view/monitoring-evaluation-research-and-learning-merl-integrated-competence-development-world-vision-international/,FALSE,TRUE,1-Jan-14,30-Dec-17,World Vision,Completed,Closed,Capacity Building,Other,Organizational Learning,Private Sector,https://i4di.org/publications-view/monitoring-evaluation-research-and-learning-merl-integrated-competence-development-world-vision-international/,510,"October 26, 2022 at 16:41 PM","October 26, 2022 at 16:46 PM",Mauritania,21.00789,-10.940835,Mauritania,Africa
"September 24, 2019 at 21:37 PM","October 26, 2022 at 16:47 PM","Monitoring, Evaluation, Research and Learning (MERL) Integrated Competence Development ",https://i4di.org/publications-view/monitoring-evaluation-research-and-learning-merl-integrated-competence-development-world-vision-international/,FALSE,TRUE,1-Jan-14,30-Dec-17,World Vision,Completed,Closed,Capacity Building,Other,Organizational Learning,Private Sector,https://i4di.org/publications-view/monitoring-evaluation-research-and-learning-merl-integrated-competence-development-world-vision-international/,511,"October 26, 2022 at 16:41 PM","October 26, 2022 at 16:46 PM",Mali,17.570692,-3.996166,Mali,Africa
"September 24, 2019 at 21:37 PM","October 26, 2022 at 16:47 PM","Monitoring, Evaluation, Research and Learning (MERL) Integrated Competence Development ",https://i4di.org/publications-view/monitoring-evaluation-research-and-learning-merl-integrated-competence-development-world-vision-international/,FALSE,TRUE,1-Jan-14,30-Dec-17,World Vision,Completed,Closed,Capacity Building,Other,Organizational Learning,Private Sector,https://i4di.org/publications-view/monitoring-evaluation-research-and-learning-merl-integrated-competence-development-world-vision-international/,512,"October 26, 2022 at 16:46 PM","October 26, 2022 at 16:46 PM",Democratic Republic of the Congo,-4.038333,21.758664,Democratic Republic of the Congo,Africa
"September 24, 2019 at 21:43 PM","March 10, 2022 at 16:54 PM",Socio-Economic Study of Northern Kosovo (2015-2017),https://i4di.org/publications-view/socio-economic-study-of-northern-kosovo-world-bank-group/,FALSE,TRUE,1-Jan-15,30-Dec-17,World Bank Group,Completed,Closed,Capacity Building|Evaluation & Research,Economic Growth|Protection of Vulnerable Populations,Development Effectiveness,Multilateral Organization,https://i4di.org/publications-view/socio-economic-study-of-northern-kosovo-world-bank-group/,434,"March 01, 2022 at 23:14 PM","March 10, 2022 at 10:49 AM",Kosovo Polje,42.6374365,21.0931113,Kosovo,Europe
"October 04, 2019 at 15:51 PM","October 04, 2019 at 19:06 PM",Human resources ,,TRUE,FALSE,1-Oct-19,4-Oct-22,I4DI internal,In progress,,Other,Other,Other,Other Government,,,,,,,,,
"January 02, 2020 at 20:10 PM","October 23, 2022 at 21:16 PM",Evaluation of the United Nations Development Cooperation Strategy (UNDCS) 2016-2020,https://i4di.org/projects/?sf_paged=2,FALSE,TRUE,2-Jan-20,1-Jun-20,UNDP Turkey,Completed,Awarded,Evaluation & Research,Economic Growth,Development Effectiveness,Multilateral Organization,https://i4di.org/publications-view/evaluation-of-the-united-nations-cooperation-strategy-undcs-2016-2020-undp-turkey/,459,"March 17, 2022 at 12:29 PM","March 21, 2022 at 15:24 PM",Turkey,38.963745,35.243322,Turkey,Europe/Asia
"July 02, 2020 at 20:18 PM","March 17, 2022 at 10:39 AM",Proposal Builder,,FALSE,TRUE,1-Jul-20,1-Jul-29,Various,Not started,Closed,Other,Other,Other,Other Government,https://i4di.org/projects,395,"July 02, 2020 at 20:19 PM","March 17, 2022 at 10:38 AM","Washington, DC, USA",38.9071923,-77.0368707,United States,North America
"July 07, 2020 at 23:36 PM","October 23, 2022 at 21:26 PM",Black Lives Matter: Data for Social Change,,FALSE,TRUE,1-Jul-20,30-Sep-20,Internal Initiative,Completed,Closed,Advanced Data Analytics,ICT|Protection of Vulnerable Populations,Digital Tech for Social Good,I4DI funded,https://i4di.org/publications-view/data-for-social-change-mapping-results-of-2020s-racial-justice-activism/,396,"July 09, 2020 at 19:23 PM","March 10, 2022 at 14:22 PM",United States,37.09024,-95.712891,United States,North America
"July 07, 2020 at 23:36 PM","October 23, 2022 at 21:26 PM",Black Lives Matter: Data for Social Change,,FALSE,TRUE,1-Jul-20,30-Sep-20,Internal Initiative,Completed,Closed,Advanced Data Analytics,ICT|Protection of Vulnerable Populations,Digital Tech for Social Good,I4DI funded,https://i4di.org/publications-view/data-for-social-change-mapping-results-of-2020s-racial-justice-activism/,397,"July 09, 2020 at 19:23 PM","March 10, 2022 at 14:22 PM",United Kingdom,55.378051,-3.435973,United Kingdom,Europe
"July 07, 2020 at 23:36 PM","October 23, 2022 at 21:26 PM",Black Lives Matter: Data for Social Change,,FALSE,TRUE,1-Jul-20,30-Sep-20,Internal Initiative,Completed,Closed,Advanced Data Analytics,ICT|Protection of Vulnerable Populations,Digital Tech for Social Good,I4DI funded,https://i4di.org/publications-view/data-for-social-change-mapping-results-of-2020s-racial-justice-activism/,398,"July 09, 2020 at 19:23 PM","March 10, 2022 at 14:22 PM",Netherlands,52.132633,5.291266,Netherlands,Europe
"July 07, 2020 at 23:36 PM","October 23, 2022 at 21:26 PM",Black Lives Matter: Data for Social Change,,FALSE,TRUE,1-Jul-20,30-Sep-20,Internal Initiative,Completed,Closed,Advanced Data Analytics,ICT|Protection of Vulnerable Populations,Digital Tech for Social Good,I4DI funded,https://i4di.org/publications-view/data-for-social-change-mapping-results-of-2020s-racial-justice-activism/,399,"July 09, 2020 at 19:23 PM","March 10, 2022 at 14:22 PM",Colorado,39.5500507,-105.7820674,United States,North America
"July 07, 2020 at 23:36 PM","October 23, 2022 at 21:26 PM",Black Lives Matter: Data for Social Change,,FALSE,TRUE,1-Jul-20,30-Sep-20,Internal Initiative,Completed,Closed,Advanced Data Analytics,ICT|Protection of Vulnerable Populations,Digital Tech for Social Good,I4DI funded,https://i4di.org/publications-view/data-for-social-change-mapping-results-of-2020s-racial-justice-activism/,400,"July 09, 2020 at 19:23 PM","March 10, 2022 at 14:22 PM","California, USA",36.778261,-119.4179324,United States,North America
"July 07, 2020 at 23:36 PM","October 23, 2022 at 21:26 PM",Black Lives Matter: Data for Social Change,,FALSE,TRUE,1-Jul-20,30-Sep-20,Internal Initiative,Completed,Closed,Advanced Data Analytics,ICT|Protection of Vulnerable Populations,Digital Tech for Social Good,I4DI funded,https://i4di.org/publications-view/data-for-social-change-mapping-results-of-2020s-racial-justice-activism/,401,"July 09, 2020 at 19:23 PM","March 10, 2022 at 14:22 PM","Nevada, USA",38.8026097,-116.419389,United States,North America
"July 07, 2020 at 23:36 PM","October 23, 2022 at 21:26 PM",Black Lives Matter: Data for Social Change,,FALSE,TRUE,1-Jul-20,30-Sep-20,Internal Initiative,Completed,Closed,Advanced Data Analytics,ICT|Protection of Vulnerable Populations,Digital Tech for Social Good,I4DI funded,https://i4di.org/publications-view/data-for-social-change-mapping-results-of-2020s-racial-justice-activism/,402,"July 09, 2020 at 19:23 PM","March 10, 2022 at 14:22 PM","Washington, DC, USA",38.9071923,-77.0368707,United States,North America
"July 07, 2020 at 23:36 PM","October 23, 2022 at 21:26 PM",Black Lives Matter: Data for Social Change,,FALSE,TRUE,1-Jul-20,30-Sep-20,Internal Initiative,Completed,Closed,Advanced Data Analytics,ICT|Protection of Vulnerable Populations,Digital Tech for Social Good,I4DI funded,https://i4di.org/publications-view/data-for-social-change-mapping-results-of-2020s-racial-justice-activism/,403,"July 09, 2020 at 19:23 PM","March 10, 2022 at 14:22 PM","Virginia, USA",37.4315734,-78.6568942,United States,North America
"July 07, 2020 at 23:36 PM","October 23, 2022 at 21:26 PM",Black Lives Matter: Data for Social Change,,FALSE,TRUE,1-Jul-20,30-Sep-20,Internal Initiative,Completed,Closed,Advanced Data Analytics,ICT|Protection of Vulnerable Populations,Digital Tech for Social Good,I4DI funded,https://i4di.org/publications-view/data-for-social-change-mapping-results-of-2020s-racial-justice-activism/,404,"July 09, 2020 at 19:23 PM","March 10, 2022 at 14:22 PM","New York, NY, USA",40.7127753,-74.0059728,United States,North America
"July 07, 2020 at 23:36 PM","October 23, 2022 at 21:26 PM",Black Lives Matter: Data for Social Change,,FALSE,TRUE,1-Jul-20,30-Sep-20,Internal Initiative,Completed,Closed,Advanced Data Analytics,ICT|Protection of Vulnerable Populations,Digital Tech for Social Good,I4DI funded,https://i4di.org/publications-view/data-for-social-change-mapping-results-of-2020s-racial-justice-activism/,405,"July 09, 2020 at 19:23 PM","March 10, 2022 at 14:22 PM","England, UK",52.3555177,-1.1743197,United Kingdom,Europe
"July 07, 2020 at 23:36 PM","October 23, 2022 at 21:26 PM",Black Lives Matter: Data for Social Change,,FALSE,TRUE,1-Jul-20,30-Sep-20,Internal Initiative,Completed,Closed,Advanced Data Analytics,ICT|Protection of Vulnerable Populations,Digital Tech for Social Good,I4DI funded,https://i4di.org/publications-view/data-for-social-change-mapping-results-of-2020s-racial-justice-activism/,406,"July 09, 2020 at 19:23 PM","March 10, 2022 at 14:22 PM","Scotland, UK",56.4906712,-4.2026458,United Kingdom,Europe
"July 07, 2020 at 23:36 PM","October 23, 2022 at 21:26 PM",Black Lives Matter: Data for Social Change,,FALSE,TRUE,1-Jul-20,30-Sep-20,Internal Initiative,Completed,Closed,Advanced Data Analytics,ICT|Protection of Vulnerable Populations,Digital Tech for Social Good,I4DI funded,https://i4di.org/publications-view/data-for-social-change-mapping-results-of-2020s-racial-justice-activism/,407,"July 09, 2020 at 19:23 PM","March 10, 2022 at 14:22 PM","The Hague, Netherlands",52.0704978,4.3006999,Netherlands,Europe
"July 07, 2020 at 23:36 PM","October 23, 2022 at 21:26 PM",Black Lives Matter: Data for Social Change,,FALSE,TRUE,1-Jul-20,30-Sep-20,Internal Initiative,Completed,Closed,Advanced Data Analytics,ICT|Protection of Vulnerable Populations,Digital Tech for Social Good,I4DI funded,https://i4di.org/publications-view/data-for-social-change-mapping-results-of-2020s-racial-justice-activism/,408,"July 09, 2020 at 19:23 PM","March 10, 2022 at 14:22 PM","Denver, CO, USA",39.7392358,-104.990251,United States,North America
"July 07, 2020 at 23:36 PM","October 23, 2022 at 21:26 PM",Black Lives Matter: Data for Social Change,,FALSE,TRUE,1-Jul-20,30-Sep-20,Internal Initiative,Completed,Closed,Advanced Data Analytics,ICT|Protection of Vulnerable Populations,Digital Tech for Social Good,I4DI funded,https://i4di.org/publications-view/data-for-social-change-mapping-results-of-2020s-racial-justice-activism/,409,"July 09, 2020 at 19:23 PM","March 10, 2022 at 14:22 PM","Boulder, CO, USA",40.0149856,-105.2705456,United States,North America
"July 07, 2020 at 23:36 PM","October 23, 2022 at 21:26 PM",Black Lives Matter: Data for Social Change,,FALSE,TRUE,1-Jul-20,30-Sep-20,Internal Initiative,Completed,Closed,Advanced Data Analytics,ICT|Protection of Vulnerable Populations,Digital Tech for Social Good,I4DI funded,https://i4di.org/publications-view/data-for-social-change-mapping-results-of-2020s-racial-justice-activism/,410,"July 09, 2020 at 19:23 PM","March 10, 2022 at 14:22 PM","Los Angeles, CA, USA",34.0522342,-118.2436849,United States,North America
"July 07, 2020 at 23:36 PM","October 23, 2022 at 21:26 PM",Black Lives Matter: Data for Social Change,,FALSE,TRUE,1-Jul-20,30-Sep-20,Internal Initiative,Completed,Closed,Advanced Data Analytics,ICT|Protection of Vulnerable Populations,Digital Tech for Social Good,I4DI funded,https://i4di.org/publications-view/data-for-social-change-mapping-results-of-2020s-racial-justice-activism/,411,"July 09, 2020 at 19:23 PM","March 10, 2022 at 14:22 PM","Reno, NV, USA",39.5296329,-119.8138027,United States,North America
"July 07, 2020 at 23:36 PM","October 23, 2022 at 21:26 PM",Black Lives Matter: Data for Social Change,,FALSE,TRUE,1-Jul-20,30-Sep-20,Internal Initiative,Completed,Closed,Advanced Data Analytics,ICT|Protection of Vulnerable Populations,Digital Tech for Social Good,I4DI funded,https://i4di.org/publications-view/data-for-social-change-mapping-results-of-2020s-racial-justice-activism/,412,"July 09, 2020 at 19:23 PM","March 10, 2022 at 14:22 PM","Arlington, VA, USA",38.8799697,-77.1067698,United States,North America
"July 07, 2020 at 23:36 PM","October 23, 2022 at 21:26 PM",Black Lives Matter: Data for Social Change,,FALSE,TRUE,1-Jul-20,30-Sep-20,Internal Initiative,Completed,Closed,Advanced Data Analytics,ICT|Protection of Vulnerable Populations,Digital Tech for Social Good,I4DI funded,https://i4di.org/publications-view/data-for-social-change-mapping-results-of-2020s-racial-justice-activism/,413,"July 09, 2020 at 19:23 PM","March 10, 2022 at 14:22 PM",The Big Apple,40.7127753,-74.0059728,United States,North America
"July 07, 2020 at 23:36 PM","October 23, 2022 at 21:26 PM",Black Lives Matter: Data for Social Change,,FALSE,TRUE,1-Jul-20,30-Sep-20,Internal Initiative,Completed,Closed,Advanced Data Analytics,ICT|Protection of Vulnerable Populations,Digital Tech for Social Good,I4DI funded,https://i4di.org/publications-view/data-for-social-change-mapping-results-of-2020s-racial-justice-activism/,414,"July 09, 2020 at 19:23 PM","March 10, 2022 at 14:22 PM","London, UK",51.5073509,-0.1277583,United Kingdom,Europe
"July 07, 2020 at 23:36 PM","October 23, 2022 at 21:26 PM",Black Lives Matter: Data for Social Change,,FALSE,TRUE,1-Jul-20,30-Sep-20,Internal Initiative,Completed,Closed,Advanced Data Analytics,ICT|Protection of Vulnerable Populations,Digital Tech for Social Good,I4DI funded,https://i4di.org/publications-view/data-for-social-change-mapping-results-of-2020s-racial-justice-activism/,415,"July 09, 2020 at 19:23 PM","March 10, 2022 at 14:22 PM","Edinburgh, UK",55.953252,-3.188267,United Kingdom,Europe
"July 14, 2020 at 15:47 PM","September 28, 2022 at 17:06 PM",Zen-O - A Project Management System for Systems Thinkers,https://i4di.org/zen-o-projects/,TRUE,FALSE,1-Jul-20,1-Nov-21,I4DI,In progress,Active,Evaluation & Research|Monitoring|Systems and Program Design,ICT,Digital Tech for Social Good,I4DI funded,https://i4di.org/zen-o-projects/,452,"March 17, 2022 at 10:20 AM","September 28, 2022 at 17:06 PM",United States,37.09024,-95.712891,United States,North America
"November 05, 2020 at 22:37 PM","October 23, 2022 at 21:29 PM",Developing a Theory of Change for EBRD Transition Qualities,Collaboration folder: https://drive.google.com/drive/folders/1mIVNlZ2INGdX3ziN4Ec_3-Vs2Ia9Jp_9?usp=sharing,FALSE,TRUE,2-Nov-20,15-Jan-21,European Bank for Reconstruction and Development,Completed,Closed,Adaptive Management|Capacity Building|Systems and Program Design,Economic Growth|Finance,Organizational Learning,I4DI funded,https://i4di.org/publications-view/theory-of-change-articulation-ebrd/,439,"March 10, 2022 at 11:10 AM","June 15, 2022 at 16:28 PM",United Kingdom,55.378051,-3.435973,United Kingdom,Europe
"November 09, 2020 at 00:24 AM","October 23, 2022 at 21:28 PM",Central Finance Management Project,,FALSE,TRUE,1-Jan-19,31-Dec-24,Various,In progress,,Other,Other,Other,Other Government,https://i4di.org/publications-view/impact-analysis-on-business-environment-reforms-international-finance-corporation/,418,"November 09, 2020 at 00:25 AM","March 17, 2022 at 10:13 AM",United States,37.09024,-95.712891,United States,North America
"December 16, 2020 at 13:52 PM","October 23, 2022 at 21:40 PM",Palladium CATALYZE,"Collaboration folder https://drive.google.com/drive/folders/1NrIqBnlUhHXymJx1uynjkSC1dgp93Ct_?usp=sharing

Project website link: https://i4di.org/reports/palladium/index.html",FALSE,TRUE,15-Dec-20,31-Dec-21,Palladium International LLC,Completed,Active,Advanced Data Analytics,ICT,Digital Tech for Social Good,U.S. Government ,https://i4di.org/publications-view/designing-creating-and-managing-covid-19-dashboard-palladium/,435,"March 08, 2022 at 13:48 PM","March 08, 2022 at 13:48 PM","Albania, Bosnia and Herzegovina, Montenegro, North Macedonia, Serbia, Kosovo",43.915886,17.679076,"Albania, Bosnia and Herzegovina, Montenegro, North Macedonia, Serbia, Kosovo",Europe
"December 19, 2020 at 03:25 AM","October 23, 2022 at 21:28 PM",Mars Rapid Appraisals (Rice),"https://i4di.org/publications-view/conducting-rapid-appraisals-of-rice-supply-chains-mars-food/

Collaboration Folder: https://drive.google.com/drive/folders/1jD2gArpBDM9Axh9u2PLo-HRSkBWeIFYK?usp=sharing",FALSE,TRUE,15-Dec-20,31-Dec-21,Mars Inc,Completed,Active,Advanced Data Analytics|Evaluation & Research|Systems and Program Design,Agriculture and Food,Corporate Sustainability|Organizational Learning,Private Sector,https://i4di.org/publications-view/conducting-rapid-appraisals-of-rice-supply-chains-mars-food/,420,"December 19, 2020 at 03:25 AM","March 08, 2022 at 14:18 PM",Cambodia,12.565679,104.990963,Cambodia,Asia
"December 19, 2020 at 03:25 AM","October 23, 2022 at 21:28 PM",Mars Rapid Appraisals (Rice),"https://i4di.org/publications-view/conducting-rapid-appraisals-of-rice-supply-chains-mars-food/

Collaboration Folder: https://drive.google.com/drive/folders/1jD2gArpBDM9Axh9u2PLo-HRSkBWeIFYK?usp=sharing",FALSE,TRUE,15-Dec-20,31-Dec-21,Mars Inc,Completed,Active,Advanced Data Analytics|Evaluation & Research|Systems and Program Design,Agriculture and Food,Corporate Sustainability|Organizational Learning,Private Sector,https://i4di.org/publications-view/conducting-rapid-appraisals-of-rice-supply-chains-mars-food/,421,"December 19, 2020 at 03:25 AM","March 08, 2022 at 14:18 PM",Thailand,15.870032,100.992541,Thailand,Asia
"December 19, 2020 at 03:25 AM","October 23, 2022 at 21:28 PM",Mars Rapid Appraisals (Rice),"https://i4di.org/publications-view/conducting-rapid-appraisals-of-rice-supply-chains-mars-food/

Collaboration Folder: https://drive.google.com/drive/folders/1jD2gArpBDM9Axh9u2PLo-HRSkBWeIFYK?usp=sharing",FALSE,TRUE,15-Dec-20,31-Dec-21,Mars Inc,Completed,Active,Advanced Data Analytics|Evaluation & Research|Systems and Program Design,Agriculture and Food,Corporate Sustainability|Organizational Learning,Private Sector,https://i4di.org/publications-view/conducting-rapid-appraisals-of-rice-supply-chains-mars-food/,422,"December 19, 2020 at 03:25 AM","March 08, 2022 at 14:18 PM",India,20.593684,78.96288,India,Asia
"December 19, 2020 at 03:25 AM","October 23, 2022 at 21:28 PM",Mars Rapid Appraisals (Rice),"https://i4di.org/publications-view/conducting-rapid-appraisals-of-rice-supply-chains-mars-food/

Collaboration Folder: https://drive.google.com/drive/folders/1jD2gArpBDM9Axh9u2PLo-HRSkBWeIFYK?usp=sharing",FALSE,TRUE,15-Dec-20,31-Dec-21,Mars Inc,Completed,Active,Advanced Data Analytics|Evaluation & Research|Systems and Program Design,Agriculture and Food,Corporate Sustainability|Organizational Learning,Private Sector,https://i4di.org/publications-view/conducting-rapid-appraisals-of-rice-supply-chains-mars-food/,423,"December 19, 2020 at 03:25 AM","March 08, 2022 at 14:18 PM",Pakistan,30.375321,69.345116,Pakistan,Asia
"January 16, 2021 at 21:16 PM","June 27, 2022 at 16:33 PM",Serbia Internship Program,,FALSE,TRUE,14-Dec-20,31-Aug-21,Internal,Completed,Active,Capacity Building,ICT,Digital Tech for Social Good,Other Government,https://i4di.org/building-local-capacity-and-creating-job-opportunities-for-the-next-generation-of-data-scientists-and-software-engineers-in-the-merl-digital-tech-space/,424,"January 16, 2021 at 21:16 PM","March 09, 2022 at 12:22 PM",Serbia,44.016521,21.005859,Serbia,Europe
"January 16, 2021 at 21:16 PM","June 27, 2022 at 16:33 PM",Serbia Internship Program,,FALSE,TRUE,14-Dec-20,31-Aug-21,Internal,Completed,Active,Capacity Building,ICT,Digital Tech for Social Good,Other Government,https://i4di.org/building-local-capacity-and-creating-job-opportunities-for-the-next-generation-of-data-scientists-and-software-engineers-in-the-merl-digital-tech-space/,425,"January 16, 2021 at 21:16 PM","March 09, 2022 at 12:22 PM","Novi Pazar, Serbia",43.1406976,20.5213617,Serbia,Europe
"March 04, 2021 at 18:22 PM","October 23, 2022 at 21:41 PM",Mars Third Party Expert Guidance,,FALSE,TRUE,4-Mar-21,14-May-21,Mars,Completed,,Capacity Building,Agriculture and Food,Corporate Sustainability,Private Sector,https://i4di.org/publications-view/learning-framework-technical-support-mars-inc-income-lab/,476,"June 15, 2022 at 17:55 PM","June 15, 2022 at 17:55 PM",United States,37.09024,-95.712891,United States,North America
"March 24, 2021 at 02:34 AM","July 21, 2022 at 19:50 PM","Monitoring, Evaluation, and Learning Partner for L3F Ghana Cocoa Yiedie Project","https://i4di.org/publications-view/mel_partnership_l3f/

Collaboration folder: https://drive.google.com/drive/folders/1LwPxctKJ3adGWic4xzZFxiHnPtJGN9l6?usp=sharing",TRUE,FALSE,1-Jul-21,1-Dec-24,Livelihoods Fund for Family Farming,In progress,Active,Evaluation & Research|Monitoring|Systems and Program Design,Agriculture and Food,Corporate Sustainability,Private Sector,https://i4di.org/publications-view/mel_partnership_l3f/,426,"March 24, 2021 at 02:34 AM","July 21, 2022 at 19:50 PM",Ghana,7.946527,-1.023194,Ghana,Africa
"April 06, 2021 at 22:42 PM","October 23, 2022 at 21:29 PM",Evaluation of the USDA Food for Progress Trade Safe Project ,"https://i4di.org/publications-view/monitoring-and-evaluation-development-usda/

Collaboration folder: https://drive.google.com/drive/folders/1EfdGXjIguH0bSyMSmJ-QcAARY_4recwp?usp=sharing",FALSE,TRUE,22-Mar-21,31-Aug-25,International Executive Service Corps,Completed,Awarded,Evaluation & Research,Agriculture and Food,Development Effectiveness,U.S. Government ,https://i4di.org/publications-view/monitoring-and-evaluation-development-usda/,427,"April 06, 2021 at 22:42 PM","February 04, 2022 at 16:49 PM",Dominican Republic,18.735693,-70.162651,Dominican Republic,North America
"June 09, 2021 at 16:32 PM","October 23, 2022 at 21:30 PM",Zen-o Learning Platform : Provision of MEL E-Learning Materials for Heifer International,https://i4di.org/publications-view/provision-of-mel-e-learning-materials-for-heifer-international/,FALSE,TRUE,1-May-21,31-Aug-21,Heifer International,Completed,Closed,Capacity Building,ICT,Development Effectiveness,Other Government,https://i4di.org/publications-view/provision-of-mel-e-learning-materials-for-heifer-international/,449,"March 17, 2022 at 10:07 AM","March 17, 2022 at 10:07 AM",United States,37.09024,-95.712891,United States,North America
"October 05, 2021 at 14:08 PM","October 23, 2022 at 21:38 PM",Supporting Operationalisation of  Theories of Change for EBRD,Collaboration folder: https://drive.google.com/drive/folders/1mIVNlZ2INGdX3ziN4Ec_3-Vs2Ia9Jp_9?usp=sharing,FALSE,TRUE,1-Sep-21,1-Feb-22,EBRD,Completed,Active,Adaptive Management|Capacity Building,Economic Growth,Organizational Learning,I4DI funded,https://i4di.org/publications-view/theory-of-change-articulation-ebrd/,437,"March 10, 2022 at 10:55 AM","June 15, 2022 at 17:15 PM","Great Britain, UK",53.6836427,-1.4787583,United Kingdom,Europe
"December 15, 2021 at 17:00 PM","October 23, 2022 at 21:30 PM",Evaluation of the USDA FFPR Exporting Quality Program,"https://i4di.org/publications-view/final-evaluation-of-the-usda-ffpr-exporting-quality-eq-project-usda/

Collaboration folder: https://drive.google.com/drive/folders/1UvWQq-AIzVt_131gERvQe4HrqoxtTw4q?usp=sharing",FALSE,TRUE,1-Aug-21,31-Dec-21,International Executive Service Corps,Completed,Closed,Evaluation & Research,Agriculture and Food,Development Effectiveness,Other Government,https://i4di.org/publications-view/final-evaluation-of-the-usda-ffpr-exporting-quality-eq-project-usda/,430,"December 15, 2021 at 17:00 PM","March 17, 2022 at 09:48 AM",Dominican Republic,18.735693,-70.162651,Dominican Republic,North America
"January 28, 2022 at 17:52 PM","August 16, 2023 at 15:33 PM","Advancing Cocoa Agroforestry Towards Income, Value, and Environmental Sustainability (ACTIVE)",,TRUE,FALSE,31-Jan-22,30-Jan-26,"USAID/Indonesia, Mars Incorporated",In progress,Awarded,Evaluation & Research,Agriculture and Food|Climate Change,Development Effectiveness,Other Government,https://i4di.org/publications-view/i4di-announces-7-2-million-global-development-alliance-to-improve-farmer-livelihoods-and-support-a-sustainable-climate-resilient-cocoa-industry-in-indonesia/,432,"January 28, 2022 at 17:52 PM","August 16, 2023 at 15:33 PM",Indonesia,-0.789275,113.921327,Indonesia,Asia
"March 03, 2022 at 00:04 AM","May 14, 2024 at 02:04 AM",Monitoring Evaluation and Training Services (METS),https://i4di.org/publications-view/usaid-monitoring-evaluation-and-training-services-mets/,TRUE,FALSE,30-Sep-21,29-Sep-25,USAID/REFS,In progress,Active,Adaptive Management|Capacity Building|Evaluation & Research|Monitoring,Agriculture and Food|WASH,Development Effectiveness,U.S. Government,https://i4di.org/publications-view/usaid-monitoring-evaluation-and-training-services-mets/,,,,,,,,
"March 03, 2022 at 00:39 AM","October 23, 2022 at 21:40 PM","Resilience Evaluation, Analysis, and Learning  (REAL) Synthesis",https://i4di.org/announcing-i4dis-new-contract-with-real-to-provide-its-data-synthesis-and-visualization-services/,FALSE,TRUE,15-Nov-21,28-Feb-22,Save the Children/USAID,Completed,Active,Advanced Data Analytics,Agriculture and Food|WASH,Development Effectiveness|Digital Tech for Social Good,Other Government,https://i4di.org/publications-view/data-synthesis-and-visualization-of-the-resilience-evaluation-analysis-and-learning-real-award/,450,"March 17, 2022 at 10:09 AM","March 17, 2022 at 10:09 AM",United States,37.09024,-95.712891,United States,North America
"March 03, 2022 at 00:46 AM","October 23, 2022 at 21:23 PM",Starbucks MEL Training,,FALSE,TRUE,1-Dec-21,1-Jan-22,Starbucks,Completed,Closed,Capacity Building,Agriculture and Food,Corporate Sustainability,Corporate,https://i4di.org/projects,451,"March 17, 2022 at 10:18 AM","March 17, 2022 at 10:18 AM",United States,37.09024,-95.712891,United States,North America
"March 03, 2022 at 01:00 AM","March 17, 2022 at 09:54 AM",USAID Global Waters Communications and Knowledge Management II,https://i4di.org/publications-view/usaid-global-waters-communications-and-knowledge-management-ckm-ii/,TRUE,FALSE,9-Apr-21,9-Apr-26,"USAID, Encompass LLC (Prime)",In progress,Active,Advanced Data Analytics|Systems and Program Design,ICT|WASH,Development Effectiveness|Digital Tech for Social Good,U.S. Government ,https://i4di.org/publications-view/usaid-global-waters-communications-and-knowledge-management-ckm-ii/,447,"March 17, 2022 at 09:50 AM","March 17, 2022 at 09:54 AM",United States,37.09024,-95.712891,United States,North America
"March 10, 2022 at 10:36 AM","June 15, 2022 at 17:35 PM",Youth economic development and resocialization in Bosnia,https://i4di.org/profit-for-purpose/,TRUE,FALSE,1-Jan-14,1-Jan-50,Alliance Franco Bettoli-Development institute,In progress,Active,Capacity Building,Other,Development Effectiveness,Foundation,https://i4di.org/i4di-mentors-young-leaders-from-bosnia-and-herzegovina/,468,"June 15, 2022 at 16:07 PM","June 15, 2022 at 17:35 PM",France,46.227638,2.213749,France,Europe
"March 10, 2022 at 10:36 AM","June 15, 2022 at 17:35 PM",Youth economic development and resocialization in Bosnia,https://i4di.org/profit-for-purpose/,TRUE,FALSE,1-Jan-14,1-Jan-50,Alliance Franco Bettoli-Development institute,In progress,Active,Capacity Building,Other,Development Effectiveness,Foundation,https://i4di.org/i4di-mentors-young-leaders-from-bosnia-and-herzegovina/,469,"June 15, 2022 at 17:35 PM","June 15, 2022 at 17:35 PM",Italy,41.87194,12.56738,Italy,Europe
"March 10, 2022 at 14:14 PM","October 23, 2022 at 21:39 PM",Interactive Covid-19 real-time trackers and reports,https://i4di.org/publications-view/real-time-tracking-of-covid-19/,FALSE,TRUE,3-Dec-20,1-Feb-21,I4DI,Completed,Closed,Advanced Data Analytics,ICT,Digital Tech for Social Good,I4DI funded,https://i4di.org/publications-view/real-time-tracking-of-covid-19/,463,"March 17, 2022 at 13:13 PM","March 17, 2022 at 13:13 PM",United States,37.09024,-95.712891,United States,North America
"March 17, 2022 at 13:06 PM","October 23, 2022 at 21:36 PM",BalanceD-MERL Technical Assistance Buy In: USAIDs Global Heath Ebola Team,https://i4di.org/publications-view/technical-assistance-buy-in-usaids-global-heath-ebola-team-usaid-u-s-global-development-lab-guinea-liberia-and-sierra-leone/,FALSE,TRUE,1-Oct-16,31-Mar-18,USAID Subsidiary: US Global Development Lab,Completed,Closed,Systems and Program Design,Other,Organizational Learning,U.S. Government ,https://i4di.org/publications-view/technical-assistance-buy-in-usaids-global-heath-ebola-team-usaid-u-s-global-development-lab-guinea-liberia-and-sierra-leone/,481,"June 15, 2022 at 18:03 PM","June 15, 2022 at 18:14 PM",Liberia,6.428055,-9.429499,Liberia,Africa
"March 17, 2022 at 13:06 PM","October 23, 2022 at 21:36 PM",BalanceD-MERL Technical Assistance Buy In: USAIDs Global Heath Ebola Team,https://i4di.org/publications-view/technical-assistance-buy-in-usaids-global-heath-ebola-team-usaid-u-s-global-development-lab-guinea-liberia-and-sierra-leone/,FALSE,TRUE,1-Oct-16,31-Mar-18,USAID Subsidiary: US Global Development Lab,Completed,Closed,Systems and Program Design,Other,Organizational Learning,U.S. Government ,https://i4di.org/publications-view/technical-assistance-buy-in-usaids-global-heath-ebola-team-usaid-u-s-global-development-lab-guinea-liberia-and-sierra-leone/,491,"June 15, 2022 at 18:14 PM","June 15, 2022 at 18:14 PM",Senegal,14.497401,-14.452362,Senegal,Africa
"March 17, 2022 at 13:06 PM","October 23, 2022 at 21:36 PM",BalanceD-MERL Technical Assistance Buy In: USAIDs Global Heath Ebola Team,https://i4di.org/publications-view/technical-assistance-buy-in-usaids-global-heath-ebola-team-usaid-u-s-global-development-lab-guinea-liberia-and-sierra-leone/,FALSE,TRUE,1-Oct-16,31-Mar-18,USAID Subsidiary: US Global Development Lab,Completed,Closed,Systems and Program Design,Other,Organizational Learning,U.S. Government ,https://i4di.org/publications-view/technical-assistance-buy-in-usaids-global-heath-ebola-team-usaid-u-s-global-development-lab-guinea-liberia-and-sierra-leone/,492,"June 15, 2022 at 18:14 PM","June 15, 2022 at 18:14 PM",Guinea,9.945587,-9.696645,Guinea,Africa
"March 17, 2022 at 13:49 PM","October 23, 2022 at 21:35 PM",Water Crisis,,FALSE,TRUE,1-Oct-21,31-Mar-22,I4DI,Completed,Active,Evaluation & Research,Environment|WASH,Other,I4DI funded,https://i4di.org/projects,494,"June 15, 2022 at 18:24 PM","June 15, 2022 at 18:24 PM",United States,37.09024,-95.712891,United States,North America
"April 07, 2022 at 15:56 PM","December 28, 2022 at 11:39 AM",Heifer - Proposal Development Process Overview training module,,FALSE,TRUE,15-Apr-22,30-Jun-22,Heifer International,Completed,Active,Capacity Building,Agriculture and Food|Knowledge Management,Organizational Learning,Other Government,https://i4di.org/publications-view/provision-of-mel-e-learning-materials-for-heifer-international/,,,,,,,,
"May 31, 2022 at 21:02 PM","December 28, 2022 at 11:38 AM",MOLGBTQA Community Assessment,,FALSE,TRUE,23-May-22,31-Aug-22,DC Mayor's Office for LGBTQ Affairs (MOLGBTQA),Completed,Awarded,Evaluation & Research,Economic Growth|Protection of Vulnerable Populations,Digital Tech for Social Good,Other Government,https://i4di.org/publications-view/lgbtq-community-business-study/,467,"May 31, 2022 at 21:02 PM","May 31, 2022 at 21:02 PM","Washington, DC, USA",38.9071923,-77.0368707,United States,North America
"July 06, 2022 at 15:43 PM","July 06, 2022 at 16:09 PM",Recruitment,,TRUE,FALSE,1-Jul-22,31-Jul-22,Institute for Development Impact (I4DI),In progress,Active,Other,Other,Other,I4DI funded,https://i4di.org/projects,,,,,,,,
"July 21, 2022 at 19:30 PM","April 07, 2023 at 21:34 PM",Mars and Farmer Income Lab Common Core,https://drive.google.com/drive/folders/1zFUwloPVpkEsR5nACN-Pvmlw3-6yPSYZ?usp=sharing,TRUE,FALSE,1-Jan-22,31-Jan-23,Farmer Income Lab,In progress,Active,Monitoring,Agriculture and Food,Corporate Sustainability,Private Sector,https://i4di.org/projects/common_core,495,"July 21, 2022 at 19:31 PM","April 07, 2023 at 21:34 PM",United States,37.09024,-95.712891,United States,North America
"August 01, 2022 at 18:54 PM","August 01, 2023 at 20:11 PM",I4DI Business Development and Internal Initiatives,,TRUE,FALSE,1-Aug-22,31-Dec-24,Institute for Development Impact (I4DI),In progress,Active,Other,Agriculture and Food|Climate Change|Economic Growth|Education|Environment|Finance|ICT|Knowledge Management|WASH|Other,Corporate Sustainability|Development Effectiveness|Digital Tech for Social Good|Organizational Learning|Other,I4DI funded,https://i4di.org/projects,,,,,,,,
"August 10, 2022 at 15:05 PM","August 10, 2022 at 15:05 PM",I4DI MEL Team,TEST,TRUE,FALSE,1-Aug-22,31-Dec-22,Institute for Development Impact (I4DI),Not started,Active,Advanced Data Analytics,Economic Growth,Development Effectiveness,I4DI funded,https://i4di.org/projects,496,"August 10, 2022 at 15:05 PM","August 10, 2022 at 15:05 PM",United States,37.09024,-95.712891,United States,North America
"September 06, 2022 at 15:12 PM","April 10, 2023 at 18:54 PM",Municipalities for Youth in Kosovo Project,,FALSE,TRUE,25-Mar-22,31-Jan-23,"Ministry of Local Government Administration, Government of Kosovo",In progress,Active,Capacity Building|Monitoring,Education,,Other Government,https://i4di.org/publications-view/municipalities-for-youth-in-kosovo-project/,,,,,,,,
"December 01, 2022 at 20:09 PM","December 01, 2022 at 20:09 PM",Online Courses - I4DI,,TRUE,FALSE,1-Dec-22,31-Jan-23,Institute for Development Impact (I4DI),Not started,,,,,Foundation,,,,,,,,,
"January 09, 2023 at 13:20 PM","January 09, 2023 at 13:21 PM",Green Cities,,TRUE,FALSE,1-Dec-22,1-Jan-24,Institute for Development Impact (I4DI),Not started,Active,Adaptive Management|Systems and Program Design,Environment|ICT,Digital Tech for Social Good,Private Sector,,,,,,,,,
"January 11, 2023 at 16:28 PM","June 02, 2023 at 20:52 PM",Effective Assessment and Monitoring of EBRD Policy Dialogue and Reform  Engagements,,TRUE,FALSE,12-Dec-22,12-Mar-23,European Bank for Reconstruction and Development (EBRD),Completed,Active,Systems and Program Design,Economic Growth,Organizational Learning,Multilateral Organization,https://drive.google.com/drive/folders/1dBUYuyxsUkx-_K1NLvazssycss2OIKzx?usp=share_link,,,,,,,,
"January 23, 2023 at 18:22 PM","September 13, 2023 at 16:53 PM",Sri Lanka MODEL ,,TRUE,FALSE,10-Oct-22,31-Aug-27,USAID Sri Lanka,In progress,Active,Evaluation & Research,Other,Other,U.S. Government,,,,,,,,,
"February 15, 2023 at 21:31 PM","February 15, 2023 at 21:48 PM",External Communications,,TRUE,FALSE,15-Feb-23,15-Feb-24,Institute for Development Impact (I4DI),In progress,Active,Other,Other,Corporate Sustainability|Development Effectiveness|Digital Tech for Social Good|Organizational Learning,I4DI funded,,,,,,,,,
"May 15, 2023 at 12:25 PM","May 15, 2023 at 12:26 PM",Livelihoods MEL System,,TRUE,FALSE,12-May-23,12-Sep-23,Livelihoods venture,Not started,,Systems and Program Design,Agriculture and Food|Climate Change|Economic Growth,Development Effectiveness,Foundation,https://drive.google.com/drive/folders/1LI8wp7I8bLdbpiDzzCtoKwvc58T-tKG3?usp=sharing,,,,,,,,
"June 22, 2023 at 00:24 AM","September 07, 2023 at 17:37 PM", Save our Seas Initiative (SOSI) Evaluation- Performance Evaluation of USAID's Oceans Plastics Portfolio,Google folder: https://drive.google.com/drive/folders/1XVJHS4KszPEity3ArLc0XC7pMMJ85St9?usp=drive_link,TRUE,FALSE,1-Jun-23,31-Jan-24,USAID,In progress,Active,Evaluation & Research,Environment,Other,U.S. Government,https://drive.google.com/drive/folders/1XVJHS4KszPEity3ArLc0XC7pMMJ85St9?usp=drive_link,,,,,,,,
"June 27, 2023 at 19:42 PM","June 27, 2023 at 19:55 PM",Climate Adaptation Knowledge and Learning Activity (CALA),,TRUE,FALSE,23-Jan-23,22-Nov-24,"Save the Children Federation, Inc.",Not started,Active,,,,Non-governmental Organization,,,,,,,,,
"August 18, 2023 at 17:20 PM","August 18, 2023 at 17:23 PM",Influence & Leverage (METS WO4),,TRUE,FALSE,1-Mar-23,31-Dec-23,USAID,In progress,Active,Evaluation & Research,Agriculture and Food,,U.S. Government,,,,,,,,,
"August 22, 2023 at 17:48 PM","May 21, 2024 at 23:12 PM",World Vision Enough Campaign - MEL Support,,TRUE,FALSE,15-Aug-23,15-Mar-25,World Vision International,In progress,Active,Evaluation & Research|Monitoring|Systems and Program Design,Agriculture and Food,Other,Foundation,,,,,,,,,
"September 07, 2023 at 19:46 PM","September 07, 2023 at 19:48 PM",U.S. Department of Labor - R2A E2A Performance Evaluations,,TRUE,FALSE,18-Aug-23,17-Aug-24,U.S. Department of Labor,In progress,Awarded,Evaluation & Research,Protection of Vulnerable Populations,Organizational Learning,U.S. Government,,,,,,,,,
"September 07, 2023 at 20:16 PM","September 07, 2023 at 20:18 PM",IKN Forest City Planning Activity,,TRUE,FALSE,1-Oct-22,31-Oct-23,Deloitte Consulting,In progress,Active,Other,Climate Change|Economic Growth|Environment|Finance|Protection of Vulnerable Populations,Other,U.S. Government,,,,,,,,,
"November 21, 2023 at 16:16 PM","March 20, 2024 at 16:34 PM",Shubh Mint - Farmer  Income Lab Lighthouse Program,,TRUE,FALSE,1-Nov-23,30-Sep-26,,In progress,,Capacity Building|Evaluation & Research|Monitoring,Agriculture and Food,Corporate Sustainability,Foundation,,,,,,,,,
"February 01, 2024 at 14:50 PM","February 01, 2024 at 16:03 PM",Web Development Internship,,TRUE,FALSE,1-Jan-24,31-Dec-24,Institute for Development Impact (I4DI),In progress,Active,,ICT,Digital Tech for Social Good,I4DI funded,,,,,,,,,
